,moduleLabels,moduleColors
Library Peptides,1,turquoise
NUDT4,0,grey
LV321,7,black
KV230,7,black
PAL4A,0,grey
QCR6L,1,turquoise
HVC33,7,black
HV374,7,black
HV372,7,black
PAL4C,0,grey
GAL3A,1,turquoise
HV108,7,black
KVD20,7,black
HV311,7,black
HV64D,7,black
UB2L5,3,brown
UBA6,3,brown
ESYT2,0,grey
UH1BL,0,grey
IGLC7,7,black
SHOT1,3,brown
ILVBL,0,grey
SPD2B,4,yellow
MACD2,1,turquoise
PIPSL,1,turquoise
NBAS,0,grey
SYTC2,4,yellow
VWA8,3,brown
WDR91,0,grey
PI4P2,1,turquoise
POTEF,0,grey
PSD1,0,grey
CRNS1,3,brown
MLP3B,0,grey
PGP,1,turquoise
PSAL,1,turquoise
RFOX3,0,grey
WIPF3,1,turquoise
DDTL,0,grey
TBAL3,0,grey
RP1BL,3,brown
PC4L1,1,turquoise
SHSA7,1,turquoise
AXA2L,5,green
TBB8L,3,brown
RHG32,1,turquoise
LYRM9,0,grey
GNAT3,4,yellow
F1712,0,grey
RUXG,1,turquoise
SNG2L,3,brown
HGB1A,1,turquoise
HNRC1,0,grey
EIFCL,0,grey
IGLC1,7,black
AK1BF,1,turquoise
NACA,0,grey
NDUCR,1,turquoise
CRCC2,0,grey
KIF2A,1,turquoise
KITM,1,turquoise
DX39A,1,turquoise
PDLI1,6,red
BACH,1,turquoise
MYO1C,0,grey
SNP23,1,turquoise
HAX1,1,turquoise
PLM,1,turquoise
AIP,3,brown
GTPB1,0,grey
LEG9,1,turquoise
STXB3,4,yellow
ARVC,0,grey
SMAP,0,grey
RB27B,0,grey
AP3B1,1,turquoise
APBB1,1,turquoise
NDUS8,1,turquoise
PSD11,0,grey
PSD12,0,grey
PSMD9,1,turquoise
SIRB1,1,turquoise
ATOX1,0,grey
PGRC1,0,grey
SPT5H,0,grey
DFFA,1,turquoise
HIP1,0,grey
CLIC1,5,green
EIF3F,0,grey
CACB4,1,turquoise
ODPX,1,turquoise
DCTN6,0,grey
WASL,1,turquoise
PDE2A,1,turquoise
IPO5,1,turquoise
EMAL1,0,grey
DNM1L,1,turquoise
RTCA,0,grey
SYT5,1,turquoise
GFRA2,1,turquoise
AGRIN,6,red
EXOC5,0,grey
BT3A3,0,grey
NDUA4,1,turquoise
PSDE,0,grey
BIN1,3,brown
IMA4,0,grey
USP9Y,0,grey
FAAH1,0,grey
NCHL1,1,turquoise
VMA5A,5,green
CAC1A,0,grey
DDX3X,0,grey
RNT2,0,grey
PODXL,4,yellow
S17A4,1,turquoise
PIR,1,turquoise
IMA3,0,grey
NET3,0,grey
PPP6,0,grey
UB2E2,1,turquoise
PDXK,1,turquoise
DLGP1,1,turquoise
PLPP3,0,grey
DHSD,1,turquoise
C2C2L,4,yellow
ASTN1,1,turquoise
DPYL4,1,turquoise
COX7R,1,turquoise
DC1I1,5,green
CTRO,1,turquoise
COPE,0,grey
NCAN,1,turquoise
IF1AY,0,grey
AP3D1,1,turquoise
ABLM1,0,grey
ADA10,3,brown
CDIPT,1,turquoise
PDCD5,0,grey
ANM5,0,grey
NHRF1,1,turquoise
TPP1,0,grey
GNB5,1,turquoise
TCRG1,0,grey
KIF3C,0,grey
TNPO2,1,turquoise
UN13B,1,turquoise
RASM,0,grey
CPLX1,1,turquoise
PSA7,0,grey
RGRF2,1,turquoise
SCAM3,1,turquoise
IFIT3,0,grey
MGST3,1,turquoise
TX1B3,4,yellow
GIPC1,1,turquoise
LIN7A,1,turquoise
CSKP,1,turquoise
PLD2,0,grey
QCR8,1,turquoise
ML12A,0,grey
QCR10,0,grey
HGS,5,green
DSCR3,0,grey
MYPT1,0,grey
GAK,0,grey
HNRDL,0,grey
XPO1,0,grey
AT2A1,1,turquoise
PI51B,1,turquoise
SYN3,1,turquoise
SPTN2,1,turquoise
PLXB2,5,green
RIMB2,1,turquoise
SR140,0,grey
N4BP3,1,turquoise
SYNJ2,1,turquoise
SYNEM,5,green
KIF3B,0,grey
PUR4,0,grey
DCLK1,1,turquoise
SNPH,1,turquoise
ARHGB,1,turquoise
NPC1,0,grey
SCAM1,1,turquoise
IMA6,0,grey
ARC1B,0,grey
ARPC2,1,turquoise
ARPC3,1,turquoise
PGRC2,1,turquoise
EPHB6,0,grey
PFD6,0,grey
LAMA5,6,red
VGF,1,turquoise
SURF4,0,grey
MK14,0,grey
SPTC1,0,grey
OGT1,1,turquoise
EIF3D,4,yellow
EIF3H,0,grey
BCAT2,1,turquoise
NCAM2,1,turquoise
STX7,1,turquoise
CAN5,0,grey
GLYG2,0,grey
YKT6,0,grey
ARPC5,1,turquoise
DDX3Y,0,grey
PDPK1,1,turquoise
FABP7,1,turquoise
DHX15,1,turquoise
ASAP2,0,grey
PLXB1,1,turquoise
PJA2,0,grey
SI1L1,1,turquoise
CYB5B,1,turquoise
SERA,4,yellow
NDUS4,1,turquoise
SEPT4,1,turquoise
DC1L2,3,brown
PSMD3,0,grey
ZW10,0,grey
PROD,0,grey
TGFI1,5,green
SRGP3,0,grey
HS12A,5,green
ADCY6,0,grey
RIPK2,1,turquoise
HNRPR,0,grey
TXNL1,3,brown
TPD54,0,grey
ERI3,0,grey
AN32C,1,turquoise
SYNJ1,1,turquoise
IF4G3,0,grey
PPIH,0,grey
ARK72,1,turquoise
E41L2,4,yellow
B4GA1,1,turquoise
KCNQ2,0,grey
RGS14,0,grey
AKA10,0,grey
SYT7,1,turquoise
DENR,0,grey
XPOT,1,turquoise
DNPH1,3,brown
DCX,1,turquoise
TIM44,1,turquoise
TPPC3,5,green
CHM2A,0,grey
NCK2,1,turquoise
NDUB5,1,turquoise
NDUB3,1,turquoise
NDUA2,1,turquoise
ASNA,0,grey
BUB3,0,grey
ACTN4,1,turquoise
CYH3,5,green
AAKB2,0,grey
AP1G1,1,turquoise
STX6,0,grey
SNG1,1,turquoise
SNG2,3,brown
SNG3,1,turquoise
SGTA,3,brown
ENSA,1,turquoise
SYNC,0,grey
KRT86,0,grey
CPSF5,0,grey
LANC1,3,brown
STRN,1,turquoise
SCO2,0,grey
CF410,0,grey
IDH3B,1,turquoise
NRDC,0,grey
CALU,0,grey
EDIL3,3,brown
SAHH2,0,grey
CD5L,0,grey
KIF1C,0,grey
NDUS5,1,turquoise
PEX1,0,grey
KALRN,0,grey
GMFG,0,grey
MYPT2,0,grey
PCDH7,1,turquoise
KPRB,4,yellow
GBG7,1,turquoise
K0513,1,turquoise
JIP4,0,grey
KIF5C,5,green
MAST3,0,grey
OPA1,1,turquoise
PI51C,1,turquoise
KIF1B,0,grey
CCG3,1,turquoise
NDK8,0,grey
GSDME,0,grey
PLXC1,1,turquoise
SNX3,4,yellow
OGA,0,grey
ADCY9,0,grey
HNRPQ,0,grey
RNBP6,1,turquoise
GMDS,0,grey
NMT2,0,grey
AP180,1,turquoise
EXOC3,1,turquoise
PLIN3,4,yellow
MOT2,0,grey
IMA7,0,grey
CTND1,4,yellow
EIF1B,0,grey
HCN1,0,grey
SNX2,0,grey
USO1,0,grey
TOM1,0,grey
H2B1L,4,yellow
F262,1,turquoise
CCD22,0,grey
PRAF2,0,grey
DKC1,4,yellow
IF2P,0,grey
GAS7,1,turquoise
EDF1,0,grey
DIAP2,0,grey
G37L1,1,turquoise
DNJA2,1,turquoise
PFD1,1,turquoise
SCN2B,1,turquoise
DTNB,0,grey
KI21B,1,turquoise
SRGP2,0,grey
PLXA2,1,turquoise
AUXI,1,turquoise
ADA23,3,brown
ADA11,0,grey
WDR1,5,green
ATP9A,1,turquoise
ROCK2,1,turquoise
CLAP2,6,red
CPNE3,0,grey
LIPA3,1,turquoise
HIP1R,3,brown
CLU,0,grey
CAND2,1,turquoise
DJC13,0,grey
PP6R2,1,turquoise
DNJB6,0,grey
COQ9,1,turquoise
GGCT,1,turquoise
NDUS7,1,turquoise
NDUS2,1,turquoise
UBP12,0,grey
NIPS2,1,turquoise
LIPA2,1,turquoise
LIPA4,1,turquoise
PDCD6,3,brown
TBCA,4,yellow
VATG1,1,turquoise
VPS4B,3,brown
MPU1,0,grey
ENTP3,0,grey
BCAS1,3,brown
H2AY,1,turquoise
SH3L1,1,turquoise
FLNB,5,green
NDUS6,1,turquoise
PEX14,0,grey
TRIM3,1,turquoise
CISY,1,turquoise
SC22B,1,turquoise
GGYF1,1,turquoise
MTX2,1,turquoise
VP26A,1,turquoise
NDUB1,1,turquoise
MPPB,1,turquoise
PSIP1,0,grey
ERLN1,1,turquoise
GPC4,0,grey
NDUS3,1,turquoise
CLD11,3,brown
ECI2,0,grey
KHDR3,0,grey
RMXL2,0,grey
SF3B1,0,grey
CSDE1,5,green
PRKRA,0,grey
KS6A5,0,grey
MYCB2,0,grey
CREG1,0,grey
U520,0,grey
TIPRL,1,turquoise
PPM1B,5,green
ADAP1,3,brown
XRP2,4,yellow
CMC1,1,turquoise
PALM,1,turquoise
RENR,4,yellow
EIF3J,0,grey
CBR3,3,brown
SPI2,1,turquoise
PSD10,4,yellow
FACE1,0,grey
IDHC,1,turquoise
SCO1,1,turquoise
RBBP9,1,turquoise
STAM2,0,grey
AL1L1,0,grey
TUSC2,3,brown
GABR2,1,turquoise
DGKI,1,turquoise
PAK3,1,turquoise
PRAF3,1,turquoise
DCTN3,3,brown
BODG,1,turquoise
DNJC8,0,grey
ATP5H,1,turquoise
FLOT1,1,turquoise
TRIO,0,grey
ATP5L,1,turquoise
MPDZ,0,grey
GLRX3,0,grey
KT33A,0,grey
KRT34,0,grey
KRT37,9,magenta
KRT38,9,magenta
WFS1,5,green
CDKL5,1,turquoise
NEBL,0,grey
S14L2,0,grey
SYUG,1,turquoise
RGS20,1,turquoise
SRP72,0,grey
DDAH1,1,turquoise
LY6H,1,turquoise
AL1A2,0,grey
TPPP,3,brown
BAIP3,0,grey
SLIT2,0,grey
KBTBB,1,turquoise
TOM70,1,turquoise
DDHD2,0,grey
MYO1D,3,brown
NFASC,3,brown
SRBS2,6,red
PLPHP,0,grey
ERLN2,1,turquoise
AGRL1,1,turquoise
ABCA8,0,grey
ENDD1,3,brown
CDK14,0,grey
GLSK,1,turquoise
FBX21,0,grey
WDR47,1,turquoise
AP2A2,1,turquoise
SC31A,0,grey
CSTN1,1,turquoise
DIRA1,1,turquoise
AGFG2,1,turquoise
NDUB6,1,turquoise
MFN2,1,turquoise
ARK73,0,grey
UBL3,1,turquoise
NDUB4,1,turquoise
NDUB8,1,turquoise
NDUA7,1,turquoise
CSPG5,0,grey
RTN3,1,turquoise
LETM1,1,turquoise
EPN2,3,brown
ZRAB2,0,grey
SNX4,1,turquoise
MTMR5,1,turquoise
TNKS1,0,grey
VAPB,1,turquoise
RASL1,0,grey
SNAPN,1,turquoise
NDUC2,1,turquoise
NDUAA,1,turquoise
CELF2,0,grey
6PGL,1,turquoise
ATG7,1,turquoise
LYPA2,0,grey
IPO7,0,grey
AGM1,4,yellow
MOCS3,0,grey
UTS2,0,grey
AHSA1,3,brown
SC24B,0,grey
NPTXR,1,turquoise
MPC2,1,turquoise
ETHE1,0,grey
ACSL3,1,turquoise
NET1,0,grey
VATG2,1,turquoise
ASML,0,grey
CDS2,0,grey
K2C75,9,magenta
RAB3D,1,turquoise
SNP29,0,grey
CPNE6,1,turquoise
OXSR1,3,brown
HS74L,1,turquoise
AP2A1,1,turquoise
CAVN2,0,grey
BAG3,1,turquoise
M4K4,0,grey
DCMC,1,turquoise
AIFM1,1,turquoise
GNA14,3,brown
UCP4,1,turquoise
NUD14,1,turquoise
TSN15,3,brown
BPNT1,1,turquoise
DDAH2,1,turquoise
G6B,0,grey
ABHGA,1,turquoise
FRITZ,1,turquoise
TXD12,0,grey
DLGP3,1,turquoise
LGI1,1,turquoise
NUDT3,1,turquoise
NDUBA,1,turquoise
CLPT1,1,turquoise
TOM40,1,turquoise
PX11B,1,turquoise
CYB,1,turquoise
CYB5,4,yellow
LDHA,1,turquoise
AL1A1,1,turquoise
DHE3,0,grey
NB5R3,0,grey
GSHR,0,grey
COX2,1,turquoise
COX3,1,turquoise
SODC,0,grey
CERU,7,black
F13A,5,green
PNPH,5,green
HPRT,1,turquoise
AATM,1,turquoise
EGFR,0,grey
PGK1,0,grey
KAD1,1,turquoise
THRB,0,grey
HPT,7,black
HPTR,7,black
CFAD,0,grey
PLMN,6,red
CFAB,6,red
ADA,3,brown
ATP6,1,turquoise
CAH1,5,green
CAH2,4,yellow
ENO1,0,grey
ASSY,1,turquoise
ANT3,7,black
A1AT,7,black
AACT,7,black
ANGT,1,turquoise
A2MG,7,black
CO3,7,black
CYTC,4,yellow
RASN,3,brown
RASH,3,brown
RASK,3,brown
IGJ,7,black
KV320,7,black
HV348,7,black
HV323,7,black
HV313,7,black
HV330,7,black
HV307,7,black
IGK,7,black
IGG1,7,black
IGHG2,7,black
IGHG3,7,black
IGHG4,7,black
IGHM,7,black
IGHA1,7,black
IGHA2,7,black
1B07,8,pink
1A34,8,pink
1A02,8,pink
HLAH,8,pink
HBAZ,5,green
HBD,5,green
HBE,0,grey
CO1A1,6,red
CO3A1,6,red
CO4A1,6,red
CRYAB,3,brown
K1C14,9,magenta
K2C6A,9,magenta
LMNA,1,turquoise
SPTA1,0,grey
APOA1,7,black
APOE,0,grey
APOA2,6,red
APOC3,7,black
FIBA,7,black
FIBB,7,black
FIBG,7,black
MBP,3,brown
MYP2,3,brown
B3AT,5,green
CRP,7,black
SAMP,7,black
C1QB,0,grey
C1QC,0,grey
CO9,7,black
APOH,7,black
A2GL,0,grey
FINC,6,red
AMBP,6,red
A1AG1,7,black
TTHY,6,red
ALBU,7,black
VTDB,7,black
TFR1,0,grey
TRFE,3,brown
TRFL,1,turquoise
HEMO,7,black
FRIL,1,turquoise
FRIH,3,brown
MT1G,0,grey
NU1M,1,turquoise
NU2M,1,turquoise
NU3M,1,turquoise
NU4M,1,turquoise
NU5M,0,grey
1B27,8,pink
C4BPA,7,black
CATA,1,turquoise
GLCM,0,grey
ALDOA,1,turquoise
CYTB,1,turquoise
ANXA1,5,green
APOB,0,grey
PRIO,1,turquoise
SODM,1,turquoise
OAT,5,green
THY1,1,turquoise
1C03,8,pink
K2C6B,9,magenta
K2C1,9,magenta
S100B,4,yellow
VWF,0,grey
TBB4A,0,grey
G3P,0,grey
1A03,8,pink
CPNS1,1,turquoise
MT1E,0,grey
MT1F,0,grey
AMY1,0,grey
AMYP,0,grey
HSPB1,5,green
RPN1,1,turquoise
GNAI2,4,yellow
H2A1C,3,brown
AT1A1,1,turquoise
AT1B1,1,turquoise
SCG1,1,turquoise
ALDOB,1,turquoise
A4,0,grey
APOD,3,brown
ALDH2,0,grey
S10A8,1,turquoise
HMGN1,1,turquoise
KPCG,1,turquoise
ADT2,1,turquoise
IC1,7,black
ISG15,0,grey
PCCA,1,turquoise
PCCB,1,turquoise
CP2E1,1,turquoise
IF2A,0,grey
HMGN2,4,yellow
FGF1,1,turquoise
ICAM1,5,green
RLA1,0,grey
RLA2,1,turquoise
RLA0,0,grey
FABPH,5,green
LA,1,turquoise
1A23,8,pink
ITB1,5,green
KPCB,1,turquoise
K2C8,5,green
CALB1,0,grey
MYL1,0,grey
DCUP,0,grey
INSR,0,grey
LCK,0,grey
FYN,0,grey
GELS,4,yellow
PTMA,1,turquoise
CDK12,0,grey
ATPB,1,turquoise
S10A9,5,green
S10A6,5,green
APOA4,0,grey
IF4E,0,grey
KCRM,0,grey
ENOA,5,green
PYGL,1,turquoise
G6PI,1,turquoise
NPM,0,grey
TPM3,0,grey
ITAV,5,green
H2B2E,4,yellow
HYEP,1,turquoise
ACBP,1,turquoise
LDHB,0,grey
NFL,3,brown
NFM,3,brown
GPX1,0,grey
PGK2,0,grey
PDIA1,0,grey
H10,4,yellow
ACYP1,0,grey
CATD,0,grey
ANXA2,5,green
CO8A,0,grey
CAN1,1,turquoise
TBB5,3,brown
MT1L,0,grey
PGS2,6,red
SAP,0,grey
HEXB,0,grey
PROF1,4,yellow
PMGE,0,grey
APT,1,turquoise
SYEP,0,grey
CATB,0,grey
LDHC,0,grey
HS90A,3,brown
HNRPC,0,grey
QCR6,1,turquoise
LAMB1,0,grey
YES,0,grey
LYN,0,grey
TPM2,6,red
FUMH,1,turquoise
RNAS1,3,brown
CO1A2,6,red
ANXA6,3,brown
RHOC,3,brown
4F2,3,brown
PFKAM,1,turquoise
HS90B,0,grey
ELNE,0,grey
SYPH,1,turquoise
SODE,6,red
ODPA,1,turquoise
CD14,0,grey
CO4A2,6,red
CY1,1,turquoise
MYL3,0,grey
CFAH,7,black
HCK,1,turquoise
VIME,5,green
RS17,0,grey
K1C19,9,magenta
K2C7,5,green
GNAI3,4,yellow
ANXA5,1,turquoise
K1C16,9,magenta
RSSA,0,grey
CD63,0,grey
FGF2,5,green
ENOG,1,turquoise
THIK,0,grey
GSTP1,4,yellow
RU1C,0,grey
LEG1,1,turquoise
DHPR,3,brown
HMGB1,1,turquoise
RET1,3,brown
GNAO,1,turquoise
GSTM1,0,grey
TPM1,6,red
CLCA,1,turquoise
CLCB,1,turquoise
ANXA4,1,turquoise
CN37,3,brown
PGFRB,0,grey
DLDH,1,turquoise
ROA1,0,grey
RU2A,1,turquoise
COX6C,1,turquoise
FGR,1,turquoise
C1S,0,grey
PARP1,4,yellow
IFIT2,0,grey
IFIT1,0,grey
UCHL1,1,turquoise
LKHA4,1,turquoise
ALDOC,1,turquoise
CO4A,5,green
CO4B,5,green
H2AV,3,brown
H2AJ,3,brown
CLC2L,0,grey
CISD3,1,turquoise
UCRIL,1,turquoise
JMJD7,0,grey
IGLC6,7,black
GST2,0,grey
GSTT2,0,grey
POTEI,0,grey
POTEJ,0,grey
UBC,3,brown
SAA1,7,black
SAA2,7,black
MPC1L,1,turquoise
SET,0,grey
HS71A,0,grey
PAL4G,0,grey
U2AF5,0,grey
CBSL,1,turquoise
IGA2,7,black
IGM,7,black
IGL1,7,black
IGLC3,7,black
CALM2,0,grey
LYNX1,3,brown
TBA3D,0,grey
RAP2A,1,turquoise
RO60,4,yellow
LYAG,0,grey
RRAS,5,green
1A74,8,pink
1A69,8,pink
1B58,8,pink
1C07,8,pink
H14,4,yellow
OSTP,0,grey
ODP2,1,turquoise
PTPRF,6,red
THIO,0,grey
COX5B,1,turquoise
MGST1,5,green
TAU,1,turquoise
KAP0,4,yellow
CMGA,0,grey
KIT,0,grey
ESTD,1,turquoise
CH60,1,turquoise
CLUS,5,green
HPLN1,1,turquoise
BIP,0,grey
LAMC1,6,red
PPAL,0,grey
MTAP2,1,turquoise
HSP7C,3,brown
GTR1,5,green
GTR3,1,turquoise
41,3,brown
ODPB,1,turquoise
ODB2,1,turquoise
ITAM,0,grey
PYGB,0,grey
PYGM,0,grey
ACM1,1,turquoise
RALA,3,brown
RALB,3,brown
BCR,1,turquoise
SPTB1,0,grey
LAMP1,1,turquoise
ACADM,0,grey
ICK,0,grey
G6PD,4,yellow
UBL4A,0,grey
GNAT2,0,grey
PYC,0,grey
DMD,5,green
C1TC,0,grey
ADHX,1,turquoise
CDK4,0,grey
PRPS2,4,yellow
PABP1,0,grey
K2C3,9,magenta
NFH,3,brown
SYHC,0,grey
CO6A1,6,red
CO6A2,6,red
CO6A3,6,red
ADT1,1,turquoise
ADT3,1,turquoise
IMDH2,4,yellow
TPR,0,grey
KCRB,1,turquoise
ANXA3,6,red
KCRU,1,turquoise
ODBA,0,grey
ACTN1,1,turquoise
SRC,0,grey
PEPD,0,grey
XRCC6,1,turquoise
XRCC5,1,turquoise
COX41,1,turquoise
IFM2,5,green
LAMP2,3,brown
RINI,4,yellow
SCG2,1,turquoise
NCAM1,1,turquoise
CSPG2,3,brown
AT1A3,1,turquoise
EF2,0,grey
K1C10,9,magenta
K1C13,9,magenta
K2C5,9,magenta
PDIA4,1,turquoise
TCTP,1,turquoise
HEM2,1,turquoise
TF,3,brown
1A11,8,pink
HLAE,8,pink
PLSL,1,turquoise
PLST,3,brown
ACPH,0,grey
ETFA,1,turquoise
GYS1,0,grey
KAP2,1,turquoise
ENOB,0,grey
CD59,0,grey
GFAP,5,green
MIF,3,brown
FOLR2,1,turquoise
CD99,1,turquoise
GLU2B,0,grey
FPPS,4,yellow
CBPM,3,brown
CX7A2,1,turquoise
AT1B2,0,grey
NID1,6,red
AK1A1,4,yellow
KPYM,3,brown
ACYP2,4,yellow
ENPL,0,grey
MYL6B,1,turquoise
RSMB,1,turquoise
IDE,0,grey
CX6B1,1,turquoise
HNRPL,0,grey
GBRA1,1,turquoise
SYDC,1,turquoise
PLAK,9,magenta
QCR7,1,turquoise
BRAF,1,turquoise
FABP4,3,brown
GLNA,1,turquoise
ALDR,1,turquoise
RAC2,3,brown
ERF3A,0,grey
PGAM2,0,grey
ARSA,0,grey
EZRI,1,turquoise
VATB1,1,turquoise
UCHL3,1,turquoise
ELN,6,red
NDKA,0,grey
NQO1,0,grey
RS2,0,grey
CHIN,0,grey
DESP,9,magenta
RFA2,0,grey
COX7C,1,turquoise
CD44,1,turquoise
NQO2,0,grey
H2AX,3,brown
PGCA,3,brown
F261,1,turquoise
ITB4,5,green
CBR1,4,yellow
ANK1,1,turquoise
1A30,8,pink
1A29,8,pink
1A33,8,pink
ACADS,0,grey
NLK,0,grey
BGAL,0,grey
PECA1,0,grey
PP2BB,1,turquoise
KCNA2,3,brown
H15,1,turquoise
H13,4,yellow
H12,4,yellow
NCPR,1,turquoise
NEC2,1,turquoise
GBB3,1,turquoise
AT2A2,1,turquoise
CBPE,1,turquoise
FAAA,5,green
STMN1,3,brown
HSP76,0,grey
RHOQ,3,brown
TMM11,1,turquoise
AATC,1,turquoise
KPCA,0,grey
ITA2,4,yellow
CXA1,1,turquoise
ASM,3,brown
AK1C4,5,green
KCRS,1,turquoise
NDUB7,1,turquoise
SYN1,1,turquoise
KAPCA,1,turquoise
CAN2,1,turquoise
KCNA6,0,grey
DESM,5,green
NEUM,1,turquoise
HLAG,8,pink
PYRG1,0,grey
DDX5,0,grey
PFKAL,1,turquoise
SAP3,3,brown
LEG3,5,green
VGFR1,0,grey
PRS6A,0,grey
TCPA,6,red
RL35A,4,yellow
ARF4,0,grey
RL7,0,grey
VINC,5,green
PTPRA,0,grey
1A66,8,pink
1B37,8,pink
1B78,8,pink
1B57,8,pink
GBRB1,1,turquoise
GBRG2,0,grey
RL17,0,grey
PGAM1,1,turquoise
ATP5J,1,turquoise
K1C15,9,magenta
K2C4,5,green
AMD,1,turquoise
CADH2,0,grey
TSN8,3,brown
GNAZ,1,turquoise
PLCG1,0,grey
NUCL,1,turquoise
HXK1,1,turquoise
NDUV2,1,turquoise
SPEE,0,grey
SL9A1,1,turquoise
A1AG2,7,black
CSK22,1,turquoise
ITIH2,1,turquoise
AMY2B,0,grey
TYPH,0,grey
AT2B1,1,turquoise
IF2B,0,grey
ANXA7,0,grey
RAB3A,1,turquoise
RAB3B,1,turquoise
RAB4A,3,brown
RAB5A,3,brown
RAB6A,3,brown
PRVA,1,turquoise
MX1,0,grey
MX2,0,grey
PSB1,0,grey
MPRD,0,grey
ATP4A,1,turquoise
COX5A,1,turquoise
LMNB1,1,turquoise
PZP,7,black
MIME,6,red
ICAL,1,turquoise
IMDH1,3,brown
A1ATR,7,black
MAG,3,brown
RASA1,0,grey
PTMS,1,turquoise
PRPS3,0,grey
PTN,5,green
GSTM3,0,grey
VATB2,1,turquoise
VATC1,1,turquoise
CSRP1,4,yellow
FLNA,6,red
NF1,1,turquoise
AOFA,4,yellow
ACOC,1,turquoise
S1PR1,0,grey
SYT1,1,turquoise
5NTD,0,grey
GPDA,1,turquoise
MK,0,grey
VDAC1,1,turquoise
PGS1,6,red
RYR1,0,grey
SDHB,1,turquoise
CD9,3,brown
ODBB,0,grey
COMT,4,yellow
TGM2,7,black
KCNA3,3,brown
MUTA,0,grey
OSBP1,0,grey
PIMT,1,turquoise
FBRL,4,yellow
RS4Y1,0,grey
PUR2,4,yellow
TENX,0,grey
PUR6,1,turquoise
NLTP,0,grey
UBA1,0,grey
NDKB,0,grey
KCNA4,1,turquoise
KCNA5,3,brown
H1T,4,yellow
ADRO,0,grey
FGFR3,0,grey
ROA2,0,grey
CALB2,1,turquoise
CBL,0,grey
KAPCB,1,turquoise
QCR2,1,turquoise
CAH4,1,turquoise
EVI2A,3,brown
HEMH,1,turquoise
FBLN1,1,turquoise
SFPQ,0,grey
TBG2,0,grey
PPIB,1,turquoise
S10A1,1,turquoise
MAOM,1,turquoise
SYWC,0,grey
RS3,0,grey
GCSH,0,grey
JAK1,0,grey
PTPRD,6,red
PTPRE,0,grey
PTPRZ,1,turquoise
SP100,4,yellow
OMGP,3,brown
SAHH,3,brown
COF1,0,grey
IF4B,0,grey
F8I2,0,grey
AT2B4,1,turquoise
IP3KA,1,turquoise
VAMP1,1,turquoise
CPT2,0,grey
SC6A8,0,grey
LAMA2,0,grey
ALAT1,5,green
COX7B,1,turquoise
EF1B,1,turquoise
AT5F1,1,turquoise
AKAP5,1,turquoise
PPAC,0,grey
KPCL,1,turquoise
THIL,1,turquoise
TENA,1,turquoise
MYL9,0,grey
APC,0,grey
ARBK1,0,grey
MYP0,1,turquoise
THTM,3,brown
RS12,0,grey
DNJB1,1,turquoise
DNJB2,0,grey
ATPA,1,turquoise
MT3,5,green
PSA1,0,grey
PSA2,0,grey
PSA3,1,turquoise
PSA4,0,grey
ITB8,0,grey
MOES,1,turquoise
DDX6,0,grey
CTNA2,4,yellow
U2AF2,0,grey
RL13,0,grey
ELAV4,1,turquoise
IVD,1,turquoise
HMGB2,1,turquoise
PTBP1,1,turquoise
SYTC,1,turquoise
SYVC,0,grey
EF1G,1,turquoise
FKBP2,0,grey
CNTFR,1,turquoise
STOM,0,grey
KAD4,3,brown
AOFB,5,green
1433T,1,turquoise
MK03,0,grey
MARK3,1,turquoise
VATL,1,turquoise
CALL3,0,grey
CERS1,1,turquoise
RL10,0,grey
RFA1,0,grey
APEX1,1,turquoise
CD82,3,brown
CALR,5,green
MAP4,4,yellow
CALX,1,turquoise
P85A,0,grey
IP3KB,1,turquoise
PSB9,1,turquoise
PSA5,0,grey
PSB4,0,grey
PSB6,1,turquoise
PSB5,1,turquoise
GSTM2,0,grey
ABCD3,0,grey
TMOD1,1,turquoise
NDUS1,1,turquoise
ADH6,5,green
GBRB3,1,turquoise
MK01,0,grey
GRAN,3,brown
GRN,1,turquoise
AMPL,1,turquoise
CD38,4,yellow
NEC1,1,turquoise
TPP2,0,grey
IMPA1,0,grey
EPHA3,1,turquoise
EPHB2,0,grey
RABP2,0,grey
CO4A5,6,red
TKT,1,turquoise
NOS1,0,grey
SPB3,1,turquoise
EF1D,3,brown
RABP1,6,red
ODPAT,1,turquoise
MARCS,0,grey
AQP1,1,turquoise
GNA11,3,brown
AL4A1,0,grey
ERP29,0,grey
PRDX6,1,turquoise
BLVRB,5,green
PRDX5,1,turquoise
DOPD,0,grey
PRDX3,1,turquoise
ATPD,1,turquoise
RL12,0,grey
ECHM,1,turquoise
KCY,3,brown
PEBP1,4,yellow
PDIA3,5,green
2AAA,1,turquoise
2AAB,1,turquoise
PPIF,4,yellow
NMT1,1,turquoise
1A36,8,pink
1A43,8,pink
1B18,8,pink
1B13,8,pink
1B42,8,pink
1B56,8,pink
1B38,8,pink
1B41,8,pink
1B44,8,pink
1B50,8,pink
1B40,8,pink
1B81,8,pink
1B35,8,pink
1B54,8,pink
1B59,8,pink
1C01,8,pink
1C02,8,pink
1C04,8,pink
1C08,8,pink
1C15,8,pink
HMOX2,5,green
PURA2,3,brown
SC6A1,1,turquoise
AMRP,0,grey
KPYR,0,grey
CLIP1,0,grey
SORCN,5,green
GSTT1,0,grey
ILEU,1,turquoise
AL1B1,0,grey
SDHA,1,turquoise
COR1A,1,turquoise
GDIA,3,brown
S10A7,0,grey
MK06,0,grey
METK2,0,grey
KAP1,0,grey
KAP3,1,turquoise
GBRA5,1,turquoise
DNJA1,0,grey
AKT1,0,grey
QCR1,1,turquoise
3HIDH,0,grey
PUR9,1,turquoise
HNRH3,0,grey
HNRH1,0,grey
CASPE,0,grey
1433B,1,turquoise
1433S,1,turquoise
STIP1,0,grey
S10AB,1,turquoise
L1CAM,1,turquoise
PRDX2,0,grey
GLPK,1,turquoise
NAC1,1,turquoise
RL9,0,grey
ACSL1,0,grey
KINH,3,brown
LSP1,0,grey
DUT,1,turquoise
GCYA2,0,grey
SDC2,5,green
GLYM,0,grey
GBRA3,1,turquoise
HYES,0,grey
HS71L,0,grey
HSP74,6,red
MPI,4,yellow
GPC1,1,turquoise
PROF2,1,turquoise
CTNA1,3,brown
CTNB1,1,turquoise
PHB,1,turquoise
SPB6,1,turquoise
MERL,1,turquoise
RADI,4,yellow
RL22,0,grey
SPRE,0,grey
SCN1A,1,turquoise
SCN4A,1,turquoise
K1C9,9,magenta
FBN1,6,red
FBN2,6,red
GDE,0,grey
MYH9,5,green
MYH10,6,red
COPB2,0,grey
ACTN2,1,turquoise
ADDA,1,turquoise
ADDB,1,turquoise
BASI,0,grey
TIMP3,6,red
FUS,0,grey
MYH11,5,green
GLRX1,0,grey
PPM1A,5,green
K1C20,9,magenta
K22E,9,magenta
HMGCL,0,grey
PRS7,0,grey
CH3L1,0,grey
GGT5,6,red
ARL2,1,turquoise
ARL3,0,grey
TRI23,0,grey
MP2K2,1,turquoise
ATPG,1,turquoise
VATE1,1,turquoise
ARRC,0,grey
RL4,4,yellow
LONM,1,turquoise
PGM1,0,grey
PP1G,1,turquoise
GNL1,1,turquoise
PEDF,0,grey
ODO2,1,turquoise
GMPR1,1,turquoise
GPX4,0,grey
SRP14,0,grey
HPCL1,1,turquoise
TAGL2,6,red
TALDO,3,brown
SYUA,1,turquoise
ETFB,1,turquoise
RBMX,0,grey
GNAL,0,grey
LICH,0,grey
VATA,1,turquoise
GRP75,1,turquoise
IF4A3,0,grey
RS19,0,grey
RL3,0,grey
COIA1,6,red
MPV17,0,grey
OST48,1,turquoise
AN32A,1,turquoise
CAPG,5,green
CAP2,1,turquoise
TXLNA,0,grey
TCPZ,0,grey
RL13A,0,grey
ARL1,4,yellow
STAT3,1,turquoise
MDHC,0,grey
MDHM,1,turquoise
ECHA,1,turquoise
IF2G,4,yellow
CETN2,0,grey
OX2G,0,grey
PERI,5,green
PTGDS,3,brown
IPP2,0,grey
GARS,6,red
SYIC,4,yellow
EIF1,0,grey
PACR,5,green
GRM5,1,turquoise
TSN7,1,turquoise
ACTY,3,brown
ECI1,0,grey
LAP2B,0,grey
STAT1,8,pink
GRIA1,1,turquoise
GRIA2,1,turquoise
GRIA3,1,turquoise
AK1C3,5,green
MTOR,0,grey
PI4KA,1,turquoise
EPS15,4,yellow
DPP6,1,turquoise
ABL2,0,grey
LPPRC,1,turquoise
THIM,0,grey
RL35,4,yellow
PCP,0,grey
HD,1,turquoise
EAA1,3,brown
EAA2,1,turquoise
SATT,3,brown
LIS1,6,red
MUC18,4,yellow
CACP,1,turquoise
MATR3,0,grey
GPDM,1,turquoise
RANG,1,turquoise
NAMPT,1,turquoise
PRS6B,0,grey
EFTS,4,yellow
ACY2,3,brown
VDAC2,1,turquoise
ACDSB,0,grey
UBP5,1,turquoise
MK08,1,turquoise
MK09,0,grey
MP2K4,1,turquoise
KPB2,1,turquoise
KPB1,1,turquoise
RAGP1,0,grey
CRK,3,brown
CRKL,3,brown
BAG6,1,turquoise
GSTM5,0,grey
NSF,1,turquoise
CDN1B,3,brown
RL27A,0,grey
RL5,4,yellow
RL21,3,brown
RL28,4,yellow
RS9,4,yellow
RS5,0,grey
RS10,1,turquoise
MAP1B,3,brown
GNPI1,0,grey
NEDD4,0,grey
UTRO,1,turquoise
IQGA1,0,grey
GLYG,5,green
STT3A,1,turquoise
RPGP1,1,turquoise
CAZA2,1,turquoise
CAPZB,0,grey
IF1AX,0,grey
GBRA2,1,turquoise
GBRB2,1,turquoise
AL1A3,0,grey
SYQ,0,grey
RL29,0,grey
LEG7,9,magenta
UCRI,1,turquoise
ATPO,1,turquoise
GRIA4,1,turquoise
LIMS1,0,grey
S6A12,0,grey
S6A11,1,turquoise
SC6A9,4,yellow
PPCE,5,green
MAOX,0,grey
PI42A,3,brown
COPD,0,grey
PP2BC,1,turquoise
GSH1,3,brown
GSH0,0,grey
CD151,5,green
PCP4,1,turquoise
TPC10,0,grey
PSMD8,0,grey
SPB4,1,turquoise
GSHB,1,turquoise
TCPE,1,turquoise
EAA4,1,turquoise
K2C6C,9,magenta
NEST,0,grey
HSP13,1,turquoise
KC1A,0,grey
KC1D,1,turquoise
IDHP,1,turquoise
PIPNB,0,grey
HSP77,0,grey
MRP,4,yellow
PAXI,0,grey
AL9A1,1,turquoise
RL34,0,grey
FAS,4,yellow
FNTA,4,yellow
TCPG,6,red
ARRB1,0,grey
EFTU,1,turquoise
AMPH,1,turquoise
AL7A1,4,yellow
INPP,0,grey
DHE4,0,grey
SRP09,0,grey
SYAC,3,brown
SYCC,0,grey
SYHM,4,yellow
SYSC,3,brown
PPM1F,1,turquoise
DGKG,0,grey
KC1E,1,turquoise
PSB3,0,grey
PSB2,0,grey
ACADV,0,grey
ACOT2,0,grey
TMEDA,1,turquoise
NUMB,1,turquoise
RGS6,1,turquoise
PSN1,0,grey
EI2BB,0,grey
HINT1,0,grey
FHIT,0,grey
RBP2,0,grey
RGS7,1,turquoise
TSC2,0,grey
NDUV1,1,turquoise
GSK3A,1,turquoise
GSK3B,1,turquoise
5NTC,0,grey
HNMT,1,turquoise
GNAQ,3,brown
IDH3A,1,turquoise
ST1A1,0,grey
ST1A2,0,grey
PPOX,0,grey
GDIB,3,brown
EMD,1,turquoise
CPT1A,5,green
GATM,0,grey
SPB8,1,turquoise
SPB9,1,turquoise
F10A1,1,turquoise
PEX5,0,grey
DYN2,1,turquoise
AP4A,0,grey
CDK9,0,grey
LRBA,0,grey
BCAM,5,green
PPT1,1,turquoise
RL14,0,grey
TCPQ,6,red
TCPD,1,turquoise
AT1A2,1,turquoise
ANX11,0,grey
FXR1,0,grey
RAB5C,3,brown
RAB7A,0,grey
RAB9A,1,turquoise
RAB13,1,turquoise
RB27A,0,grey
PLCD1,1,turquoise
DUS3,1,turquoise
IDH3G,1,turquoise
GALK1,4,yellow
BAP31,1,turquoise
RENBP,1,turquoise
MECP2,1,turquoise
AL3A2,0,grey
SSDH,1,turquoise
DHB4,4,yellow
PSMD7,0,grey
UB2D4,0,grey
GPM6A,1,turquoise
SUOX,0,grey
APLP1,3,brown
UBP11,0,grey
CLCN6,1,turquoise
PLXA3,1,turquoise
DYLT3,0,grey
KS6A3,0,grey
HDGF,1,turquoise
LUM,6,red
PRELP,6,red
CNN1,0,grey
NDUA8,1,turquoise
ROA3,0,grey
6PGD,1,turquoise
HNRPM,1,turquoise
IMA5,0,grey
GDS1,1,turquoise
MP2K6,0,grey
GDIR1,4,yellow
GDIR2,1,turquoise
AGFG1,1,turquoise
HNRPF,0,grey
RIDA,1,turquoise
SPSY,0,grey
HXK2,1,turquoise
HXK3,1,turquoise
RM12,1,turquoise
DGKQ,0,grey
THOP1,0,grey
AK1C2,5,green
CAZA1,0,grey
CRIP2,0,grey
BIEA,0,grey
TXTP,1,turquoise
PPP5,1,turquoise
DAPK1,0,grey
ARFP2,1,turquoise
ACLY,1,turquoise
SUCA,1,turquoise
PGTB2,0,grey
COPB,0,grey
COPA,0,grey
CLH2,1,turquoise
AP3M2,1,turquoise
AP2S1,1,turquoise
MK10,1,turquoise
MOT1,3,brown
IST1,0,grey
SC24C,0,grey
TCP4,1,turquoise
SYRC,1,turquoise
CACB3,4,yellow
CA2D1,1,turquoise
SYYC,5,green
UBP14,0,grey
AAKG1,0,grey
AAPK2,0,grey
HSP72,3,brown
BCAT1,0,grey
AT12A,1,turquoise
AT1B3,5,green
RD23A,0,grey
RD23B,0,grey
PDE1A,1,turquoise
EPHA5,1,turquoise
EPHB1,0,grey
EPHA4,1,turquoise
GALC,1,turquoise
KAD2,1,turquoise
PTN5,1,turquoise
P5CS,1,turquoise
SNAA,5,green
IF5,0,grey
S12A2,3,brown
PSMD4,0,grey
XPO2,3,brown
TERA,0,grey
ECHB,1,turquoise
AQP4,1,turquoise
MANF,0,grey
NCKPL,0,grey
NP1L1,0,grey
ADK,0,grey
DSRAD,0,grey
LAMB2,6,red
CAD11,0,grey
CAD13,1,turquoise
TPD52,5,green
NH2L1,0,grey
PSA,1,turquoise
ALR,1,turquoise
HNRH2,0,grey
SCOT1,1,turquoise
SUMO3,0,grey
EIF3B,0,grey
BID,0,grey
ATPK,1,turquoise
NDUV3,1,turquoise
SYMC,0,grey
ARP19,1,turquoise
AP1S2,1,turquoise
ATP68,1,turquoise
AT5EL,1,turquoise
ATP5I,1,turquoise
HDAC4,0,grey
IF6,0,grey
CTBP2,1,turquoise
NDUA6,1,turquoise
SOX10,3,brown
STX17,1,turquoise
JAM2,1,turquoise
TMM33,5,green
SYJ2B,1,turquoise
PCBP3,0,grey
RAB25,0,grey
CORO7,0,grey
SELB,0,grey
EPIPL,5,green
NRX1B,0,grey
NRX2B,0,grey
MTPN,0,grey
FXYD7,0,grey
RAB15,1,turquoise
DEF3,0,grey
ARPC4,1,turquoise
CD81,4,yellow
TPIS,0,grey
MYPR,3,brown
EIF3E,0,grey
SC61B,0,grey
PP4C,0,grey
GBRL2,1,turquoise
MYL6,1,turquoise
ACTG,0,grey
RAC3,3,brown
IF4A1,0,grey
RS20,0,grey
SNP25,1,turquoise
PRPS1,0,grey
PSA6,0,grey
S10AA,5,green
CDC42,3,brown
DEST,5,green
GMFB,0,grey
RAB8A,1,turquoise
SRP54,0,grey
RAB4B,4,yellow
RAB2A,1,turquoise
RAB5B,3,brown
RAB10,1,turquoise
UB2D3,0,grey
UBC12,0,grey
UBE2K,5,green
UBE2N,1,turquoise
RAB14,1,turquoise
ARP3,1,turquoise
ARP2,1,turquoise
ACTZ,3,brown
CSN2,1,turquoise
ARF1,1,turquoise
ABCE1,0,grey
RAP1B,3,brown
RAP2B,1,turquoise
RS3A,0,grey
RL26,0,grey
STX1B,1,turquoise
RL15,3,brown
FGF12,1,turquoise
RL27,0,grey
VA0D1,1,turquoise
PHS,5,green
RL37A,0,grey
RHOA,3,brown
NCALD,5,green
CH10,1,turquoise
S61A1,1,turquoise
LYSC,0,grey
PFD3,0,grey
STXB1,1,turquoise
B2MG,8,pink
NPC2,1,turquoise
COPZ1,0,grey
SUMO2,0,grey
UFM1,0,grey
AP1S1,1,turquoise
NTF2,3,brown
HNRPK,0,grey
1433G,1,turquoise
UBP46,1,turquoise
RRAS2,5,green
TIM10,1,turquoise
RS7,0,grey
PP1A,1,turquoise
PP1B,1,turquoise
NCS1,1,turquoise
PRS4,1,turquoise
PRS8,0,grey
RS8,4,yellow
RS15A,0,grey
RS16,1,turquoise
1433E,1,turquoise
RS14,1,turquoise
RS23,0,grey
RS18,4,yellow
RS13,0,grey
RS11,4,yellow
RUXF,0,grey
LSM3,3,brown
SMD1,0,grey
SMD2,0,grey
SMD3,1,turquoise
TYB4,0,grey
ARF6,0,grey
PRS10,0,grey
RL7A,0,grey
RB11A,1,turquoise
ERF1,1,turquoise
CNBP,0,grey
RS4X,0,grey
PP2AB,1,turquoise
ACTA,0,grey
RHOB,3,brown
RL23A,5,green
RS6,0,grey
VISL1,1,turquoise
H4,4,yellow
RAB1A,1,turquoise
RAN,0,grey
RL23,0,grey
RAP1A,3,brown
UB2D2,0,grey
RS15,0,grey
RS24,0,grey
RS25,0,grey
RS26,0,grey
RS28,0,grey
GBB1,1,turquoise
RBX1,0,grey
GBB2,1,turquoise
RL30,5,green
RL31,0,grey
RL10A,0,grey
RL32,0,grey
RL11,0,grey
RL8,0,grey
PPIA,3,brown
FKB1A,0,grey
RS27A,3,brown
RL40,3,brown
GRB2,0,grey
TRA2B,0,grey
RAC1,3,brown
AP2B1,1,turquoise
VAMP2,1,turquoise
GNAS1,4,yellow
GNAI1,3,brown
CANB1,1,turquoise
1433Z,1,turquoise
2ABA,5,green
RSMN,1,turquoise
DYL1,3,brown
SKP1,0,grey
GBG3,1,turquoise
RS21,0,grey
IF5A1,0,grey
RACK1,0,grey
ACTH,0,grey
SELW,0,grey
TYB10,0,grey
PP2AA,1,turquoise
YBOX1,1,turquoise
CSK2B,1,turquoise
TPM4,6,red
ACTC,0,grey
UB2L3,3,brown
EF1A1,1,turquoise
ACTS,0,grey
TBA1B,0,grey
TBA4A,0,grey
TBB4B,0,grey
CSK21,1,turquoise
PA1B2,3,brown
H32,0,grey
HBB,5,green
HBG1,1,turquoise
HBG2,1,turquoise
HBA,5,green
CXAR,0,grey
IGBP1,0,grey
SHPS1,1,turquoise
GPC5,0,grey
IF4G2,0,grey
GTF2I,0,grey
DLG4,1,turquoise
PI42B,3,brown
CNTP1,3,brown
SRPK2,5,green
KC1G2,0,grey
TCPB,1,turquoise
KRT83,0,grey
KRT85,0,grey
RAE1L,0,grey
GSTO1,0,grey
KCJ10,0,grey
PRKDC,1,turquoise
MAP1A,3,brown
MT1H,0,grey
MT1X,0,grey
GABT,1,turquoise
BASP1,0,grey
DCD,0,grey
RT36,1,turquoise
RT34,1,turquoise
RT06,0,grey
RT09,0,grey
LACTB,0,grey
RL24,4,yellow
RL36A,0,grey
HPCA,1,turquoise
ARF5,0,grey
ERH,0,grey
RHOG,3,brown
RL19,0,grey
SRSF3,0,grey
H33,0,grey
PGBM,6,red
AT2C1,0,grey
CYC,1,turquoise
2ABB,1,turquoise
EM55,3,brown
TFAM,1,turquoise
PIPNA,1,turquoise
MPCP,1,turquoise
VIGLN,0,grey
CDK6,0,grey
CDK5,1,turquoise
CDK16,0,grey
CDK17,0,grey
PURA,1,turquoise
BORG5,3,brown
CLH1,1,turquoise
FKBP3,0,grey
PLCB2,1,turquoise
REEP5,1,turquoise
DHSO,1,turquoise
HNRPU,1,turquoise
CAC1B,1,turquoise
PDE1B,1,turquoise
SPTB2,1,turquoise
SCN7A,1,turquoise
SRSF2,0,grey
AMPD3,0,grey
AMPD2,1,turquoise
FABP5,1,turquoise
ANK2,1,turquoise
CAP1,1,turquoise
K22O,9,magenta
LAT1,0,grey
PFKAP,1,turquoise
AT2B2,1,turquoise
EWS,0,grey
SC6A3,4,yellow
PLCB3,1,turquoise
TAGL,6,red
GCYB1,1,turquoise
KPCE,1,turquoise
ODO1,1,turquoise
KIFC1,0,grey
CNTN2,3,brown
MMSA,0,grey
BDH,1,turquoise
APBA1,1,turquoise
DSG1,9,magenta
H11,4,yellow
RL18A,0,grey
CACB1,1,turquoise
MP2K1,1,turquoise
FKBP4,0,grey
NUCB1,0,grey
RL6,4,yellow
TOP2B,3,brown
AKA12,3,brown
M2OM,1,turquoise
DYST,3,brown
GSTM4,0,grey
GNA12,4,yellow
CAV1,5,green
ACY1,0,grey
LMNB2,1,turquoise
TAP2,1,turquoise
FHR1,0,grey
UBXN1,3,brown
GLGB,1,turquoise
FOLH1,3,brown
IF4G1,0,grey
K1C17,9,magenta
KPCT,1,turquoise
LGUL,0,grey
AK1C1,5,green
SSBP,1,turquoise
1433F,1,turquoise
PLP2,5,green
DYN1,1,turquoise
DCE2,1,turquoise
FAK1,0,grey
LIPS,3,brown
NMDZ1,1,turquoise
EF1A2,1,turquoise
KPCD,0,grey
CALD1,6,red
COEA1,6,red
EMAL5,0,grey
PTN11,3,brown
KDSR,3,brown
PSME1,5,green
APLP2,1,turquoise
FMR1,0,grey
FMOD,6,red
PRDX1,5,green
CDK18,0,grey
RL18,3,brown
C1QBP,1,turquoise
CKAP4,0,grey
ZO1,0,grey
KHDR1,0,grey
BAX,1,turquoise
KLC1,3,brown
LRP1,1,turquoise
SRSF1,0,grey
RHG01,1,turquoise
ACTN3,1,turquoise
SRSF4,0,grey
PCDH1,1,turquoise
TGM3,0,grey
PP2BA,1,turquoise
DHX9,0,grey
QOR,0,grey
CACB2,4,yellow
LG3BP,3,brown
MFGM,0,grey
DEMA,5,green
DSC1,0,grey
HDHD1,0,grey
CD47,1,turquoise
PPID,0,grey
CAMP2,1,turquoise
SPIR1,1,turquoise
VAC14,1,turquoise
DMWD,1,turquoise
RBBP4,0,grey
1A80,8,pink
KCNA1,3,brown
AHNK,5,green
AP1B1,1,turquoise
MPPA,0,grey
KIF1A,5,green
SCRN1,0,grey
WASC5,0,grey
TWF1,0,grey
ASPH,0,grey
CETN1,0,grey
FBLN3,1,turquoise
KIF5A,3,brown
STX4,3,brown
CNTN1,1,turquoise
SF3A3,0,grey
AIMP1,0,grey
ILF2,0,grey
ILF3,0,grey
LMAN2,0,grey
ELAV2,1,turquoise
TRAP1,0,grey
ANK3,1,turquoise
DLG1,1,turquoise
MYO1E,4,yellow
TP4A2,1,turquoise
ABR,1,turquoise
BNIP2,1,turquoise
BNIP3,0,grey
ECH1,0,grey
RHG05,0,grey
FLII,0,grey
COASY,0,grey
TRDN,1,turquoise
ACACA,1,turquoise
CSN1,6,red
UBP4,0,grey
MTAP,1,turquoise
AAPK1,1,turquoise
LIPA1,1,turquoise
TADBP,0,grey
ROA0,0,grey
PAK1,1,turquoise
AIMP2,0,grey
PRDX4,1,turquoise
PAK2,1,turquoise
CBX3,0,grey
PSMD2,0,grey
NMDE2,1,turquoise
SBP1,1,turquoise
NDK3,1,turquoise
SRSF9,0,grey
SRSF5,0,grey
SRSF6,0,grey
GRM1,0,grey
TIF1B,4,yellow
KCAB2,5,green
PABP4,0,grey
PTPRS,1,turquoise
UT1,4,yellow
EIF3I,0,grey
2A5G,1,turquoise
CTBP1,1,turquoise
AP3B2,1,turquoise
MPP3,0,grey
UB2V1,1,turquoise
RM49,5,green
DC1I2,4,yellow
ILK,5,green
NNTM,1,turquoise
SNTA1,5,green
SF3B2,0,grey
HAP28,0,grey
ADAM9,0,grey
LSAMP,1,turquoise
ROCK1,1,turquoise
GPM6B,4,yellow
PICAL,1,turquoise
MTM1,0,grey
MTX1,1,turquoise
TBB3,3,brown
ASAH1,1,turquoise
PIN1,1,turquoise
KCC2B,1,turquoise
KCC2G,1,turquoise
KCC2D,1,turquoise
DCTN2,3,brown
ULA1,0,grey
ITPK1,0,grey
DGKZ,0,grey
TRA2A,0,grey
SNX1,3,brown
MTMR1,0,grey
CUL1,0,grey
CUL2,0,grey
CUL3,1,turquoise
CUL4A,0,grey
CUL4B,1,turquoise
FCL,0,grey
FHL1,5,green
ITA7,0,grey
AT1A4,1,turquoise
CD166,3,brown
SPTN1,1,turquoise
AUHM,1,turquoise
DX39B,1,turquoise
BLMH,3,brown
BMPR2,0,grey
MOBP,3,brown
SNTB1,1,turquoise
TBB2A,3,brown
IDI1,0,grey
CAYP1,5,green
RGRF1,0,grey
CKAP5,3,brown
CIRBP,0,grey
KCC1A,1,turquoise
COTL1,1,turquoise
HNRPD,0,grey
SCRB2,4,yellow
NID2,0,grey
DPYS,1,turquoise
DAG1,0,grey
PDE1C,0,grey
UBE4A,0,grey
SEPT6,1,turquoise
EIF3A,0,grey
ARHG7,1,turquoise
UBP2L,0,grey
GIT2,0,grey
MLEC,0,grey
TTL12,0,grey
MPP2,1,turquoise
DOC2A,1,turquoise
DOC2B,1,turquoise
DPYL1,1,turquoise
DPYL3,4,yellow
DCTN1,6,red
DYHC1,3,brown
EI2BA,0,grey
IF4A2,0,grey
SRC8,1,turquoise
FLOT2,1,turquoise
RCN2,1,turquoise
FAK2,1,turquoise
FLNC,5,green
FKBP8,1,turquoise
GNA13,4,yellow
GAMT,3,brown
GLPK3,0,grey
GRM2,1,turquoise
CAPR1,1,turquoise
RBM39,0,grey
SPRL1,0,grey
SCN5A,1,turquoise
KT33B,9,magenta
K1H2,9,magenta
KRT81,0,grey
KPRA,4,yellow
HS902,3,brown
ITPR2,1,turquoise
ELAV3,3,brown
ITIH4,7,black
I5P1,1,turquoise
ITPR1,1,turquoise
PLSI,3,brown
EPN4,0,grey
SMC1A,0,grey
DIP2A,0,grey
MESD,0,grey
GANAB,0,grey
RFTN1,0,grey
KCAB1,0,grey
2A5D,1,turquoise
MVP,3,brown
GRM3,1,turquoise
GRM4,6,red
LASP1,1,turquoise
CRYM,1,turquoise
PTGR1,0,grey
GPNMB,1,turquoise
RB39A,0,grey
IMB1,0,grey
NUMA1,4,yellow
OPCM,1,turquoise
GAPD1,0,grey
K2C72,9,magenta
HECAM,1,turquoise
SPCS2,0,grey
PSMD6,0,grey
SEPT2,4,yellow
SART3,1,turquoise
U5S1,0,grey
SYLM,0,grey
AR6P1,1,turquoise
RB3GP,1,turquoise
SYK,0,grey
MLC1,5,green
ARHG6,4,yellow
IF4H,1,turquoise
ACOX1,0,grey
EEA1,5,green
PDIA6,0,grey
PA1B3,5,green
PLCL1,3,brown
PDK2,1,turquoise
PDK3,1,turquoise
PEA15,0,grey
PMVK,1,turquoise
PLEC,5,green
PON2,1,turquoise
2A5B,1,turquoise
IPYR,3,brown
TEBP,4,yellow
NECT1,1,turquoise
NONO,0,grey
PTPA,0,grey
NADC,0,grey
RABE1,5,green
RAB35,1,turquoise
RCN1,0,grey
RBP1,0,grey
K1H1,9,magenta
L2GL1,4,yellow
KS6A2,0,grey
TMED2,0,grey
PCBP1,0,grey
PCBP2,1,turquoise
ELOC,3,brown
ELOB,6,red
EPHA7,0,grey
RHEB,1,turquoise
TOM20,0,grey
RSU1,5,green
RYR3,0,grey
CNN3,5,green
KS6A1,0,grey
SAFB1,1,turquoise
PP1R7,1,turquoise
SC23A,1,turquoise
CYH1,0,grey
SF3A1,0,grey
SKIV2,0,grey
RGN,0,grey
MARE2,0,grey
BGH3,6,red
NHRF2,0,grey
TSN,0,grey
SF01,0,grey
MARE1,0,grey
DLG2,1,turquoise
ELAV1,0,grey
MYLK,0,grey
MK11,0,grey
EFNB3,0,grey
RAB30,0,grey
MLF2,1,turquoise
TOM34,0,grey
ITSN1,1,turquoise
TBCE,0,grey
TBCC,0,grey
NPTX1,1,turquoise
UB2V2,1,turquoise
VAMP3,1,turquoise
NEDD8,0,grey
SCN9A,1,turquoise
CAC1E,4,yellow
VAS1,1,turquoise
RB11B,1,turquoise
ZYX,0,grey
ETFD,0,grey
SYUB,1,turquoise
SEPT7,1,turquoise
ADRM1,0,grey
CCDC6,1,turquoise
NTRK3,0,grey
KCA10,0,grey
S15A2,0,grey
AINX,3,brown
LAMA4,5,green
PSMD5,4,yellow
CSRP2,5,green
DDB1,0,grey
2A5E,1,turquoise
CDC37,1,turquoise
DPYL2,3,brown
SYPL1,4,yellow
KCC4,1,turquoise
CART,0,grey
RBBP7,0,grey
NTRK2,1,turquoise
STX1A,1,turquoise
SRSF7,4,yellow
CPSF6,0,grey
DREB,1,turquoise
MOG,3,brown
FSCN1,3,brown
DECR,1,turquoise
NDUA5,1,turquoise
AT2B3,1,turquoise
THTR,1,turquoise
KGUA,0,grey
GLO2,1,turquoise
H2A2A,3,brown
NDUA9,1,turquoise
MAON,1,turquoise
RTN1,1,turquoise
HCDH,1,turquoise
PTPRN,1,turquoise
UGPA,0,grey
VATF,1,turquoise
F263,1,turquoise
F264,1,turquoise
CGT,1,turquoise
TRXR1,0,grey
TPD53,0,grey
MIC60,1,turquoise
RHG44,1,turquoise
HNRL2,0,grey
T132A,0,grey
INF2,3,brown
1B82,8,pink
1C06,8,pink
1C16,8,pink
K1C24,9,magenta
AAK1,1,turquoise
SGSM1,1,turquoise
RPEL1,1,turquoise
IAH1,0,grey
HKDC1,1,turquoise
IF2GL,4,yellow
S4A8,1,turquoise
1B73,8,pink
MYLK2,0,grey
RA1L2,0,grey
LRRK1,1,turquoise
MA7D1,1,turquoise
UAP1L,1,turquoise
TKFC,4,yellow
CC50B,1,turquoise
HSDL1,1,turquoise
AL1L2,0,grey
K2C71,9,magenta
GRDN,0,grey
RABL6,1,turquoise
TBB8,0,grey
TIM50,1,turquoise
LEGL,1,turquoise
SV2C,1,turquoise
VP26B,1,turquoise
NAKD2,0,grey
ACSF3,0,grey
PPCEL,1,turquoise
TB10B,1,turquoise
ANO6,1,turquoise
GRAP1,1,turquoise
PAP1L,0,grey
S39AC,0,grey
RFTN2,4,yellow
FA98B,0,grey
QORX,1,turquoise
TM35A,1,turquoise
DHB12,3,brown
AGK,1,turquoise
P5CR3,0,grey
EIPR1,1,turquoise
RAB6D,3,brown
CYBR1,0,grey
ACTBL,0,grey
CCD93,0,grey
TPT1L,1,turquoise
OCAD2,1,turquoise
ENPLL,0,grey
H90B4,0,grey
H90B3,0,grey
H90B2,0,grey
HS905,0,grey
HS904,3,brown
FILA2,9,magenta
PRRT3,1,turquoise
HERC4,0,grey
TCAL5,0,grey
PP6R3,0,grey
MTX3,1,turquoise
COQ5,0,grey
RS26L,0,grey
SYEM,1,turquoise
PAP1M,0,grey
TGO1,0,grey
PREP,0,grey
WDR44,4,yellow
RAB41,3,brown
COA6,1,turquoise
TOIP1,0,grey
SYAM,1,turquoise
IQEC2,1,turquoise
UE2NL,1,turquoise
TTC38,0,grey
CF136,0,grey
ATAT,3,brown
SNP47,0,grey
PHYD1,0,grey
HP1B3,4,yellow
CE170,0,grey
CLVS2,1,turquoise
HYI,0,grey
TPRGL,1,turquoise
CHCH2,0,grey
FKB15,0,grey
ATD3C,1,turquoise
CAF17,0,grey
UBR4,0,grey
STXB5,1,turquoise
SKT,0,grey
RHG21,0,grey
KPRP,9,magenta
GP158,1,turquoise
ATD3B,1,turquoise
FRY,0,grey
ATPF1,1,turquoise
SPD2A,4,yellow
DDI2,1,turquoise
SOGA3,1,turquoise
NT5D1,3,brown
SIRBL,1,turquoise
MIC10,0,grey
BIG3,0,grey
VP13D,0,grey
CROCC,0,grey
LYRM7,1,turquoise
VPS53,5,green
STRP1,0,grey
AB17B,3,brown
MARC1,1,turquoise
EF1A3,1,turquoise
F1711,1,turquoise
BROX,1,turquoise
DAB2P,1,turquoise
KHDR2,0,grey
LYPL1,0,grey
CARL1,0,grey
RRAGB,0,grey
K2C79,9,magenta
MIC13,1,turquoise
RN123,0,grey
PLCX3,1,turquoise
TNS2,5,green
KANK2,0,grey
WAC2A,0,grey
LAR1B,5,green
TBC9B,0,grey
MAP1S,1,turquoise
2ABD,5,green
RPGP2,1,turquoise
TENS3,5,green
MBLC2,1,turquoise
LMBD2,1,turquoise
KCD16,1,turquoise
RHG17,0,grey
STUM,1,turquoise
PDPK2,1,turquoise
NB5R2,3,brown
ATLA3,4,yellow
C2D2B,4,yellow
H2B2D,4,yellow
IQEC1,1,turquoise
SUMO4,0,grey
CARL2,1,turquoise
SMYD5,0,grey
RGPA1,4,yellow
ABLM2,1,turquoise
ELP2,0,grey
LTOR1,0,grey
DRS7B,0,grey
TWF2,1,turquoise
TCAL6,0,grey
NAPEP,0,grey
RAB12,4,yellow
IF5AL,3,brown
K2C80,5,green
SCMC2,1,turquoise
PDE12,0,grey
SCMC1,0,grey
K121L,1,turquoise
R13P3,0,grey
HIBCH,0,grey
IPP2B,0,grey
H3C,0,grey
CAVN1,6,red
S27A4,1,turquoise
C2D1A,1,turquoise
LTMD1,1,turquoise
FAH2B,0,grey
PRP8,0,grey
SFXN4,1,turquoise
FAHD1,1,turquoise
F171B,0,grey
MEAK7,0,grey
S27A1,0,grey
PGM2L,5,green
TBA3E,0,grey
TTC37,3,brown
DCNL2,0,grey
ULK3,0,grey
SYDM,1,turquoise
TMM65,1,turquoise
NCEH1,1,turquoise
FIGL1,3,brown
LARP1,1,turquoise
DR4L2,0,grey
ZNT9,4,yellow
CPLX2,1,turquoise
POTEE,0,grey
S4A10,1,turquoise
MOXD1,4,yellow
TM205,0,grey
LRSM1,0,grey
SBSN,9,magenta
ENPP6,3,brown
PXDC2,1,turquoise
PI16,5,green
SE6L2,0,grey
NPNT,0,grey
MIC27,0,grey
PCD23,1,turquoise
PACS1,1,turquoise
PNCB,0,grey
CD109,1,turquoise
HSDL2,0,grey
KAT3,0,grey
PPR21,0,grey
LDH6A,0,grey
EMAL6,1,turquoise
GDPP1,0,grey
DMP46,1,turquoise
TBCD9,0,grey
UBR3,0,grey
BGIN,1,turquoise
AN13D,0,grey
SEP14,3,brown
SH2D5,1,turquoise
GRIN3,0,grey
K154L,0,grey
TM1L2,1,turquoise
KCTD8,0,grey
VP13C,0,grey
TBA1A,0,grey
HAKAI,0,grey
MTSS2,0,grey
SND1,1,turquoise
MARK2,1,turquoise
RUFY3,3,brown
SV2A,1,turquoise
SV2B,1,turquoise
BZW1,1,turquoise
ASGL1,0,grey
DHX30,0,grey
EIF3M,0,grey
RRAGA,0,grey
CYFP1,1,turquoise
NDUF7,1,turquoise
CSN6,0,grey
TAOK1,0,grey
MOB1A,1,turquoise
GRP2,1,turquoise
MICA3,0,grey
K2C74,9,magenta
PLPR4,1,turquoise
ERMP1,0,grey
GRIN1,1,turquoise
ZCCHV,0,grey
NEGR1,1,turquoise
ATG9A,1,turquoise
GLUCM,0,grey
PRIC2,0,grey
MON2,0,grey
K1C28,9,magenta
K1C27,9,magenta
K1C26,9,magenta
K1C25,9,magenta
MYH14,0,grey
MAVS,0,grey
CLAP1,3,brown
HDDC2,0,grey
KI21A,1,turquoise
HDGR2,0,grey
DCXR,1,turquoise
AT5L2,1,turquoise
GOGA7,3,brown
SPRE1,0,grey
SRGP1,1,turquoise
NECA2,1,turquoise
ANS1B,1,turquoise
PRRT2,1,turquoise
TCPR1,1,turquoise
RAB34,0,grey
HUWE1,1,turquoise
K2C1B,9,magenta
PXK,3,brown
CENPV,1,turquoise
RALYL,0,grey
S1A7A,0,grey
SCD5,0,grey
GLRX5,1,turquoise
DAAM2,4,yellow
TTC7B,1,turquoise
ACOT1,0,grey
LYRIC,0,grey
R4RL2,1,turquoise
KTN1,4,yellow
RIMS1,0,grey
PHLB1,1,turquoise
CAPS2,1,turquoise
HPLN4,1,turquoise
ST32C,1,turquoise
NT5D3,1,turquoise
THOC4,0,grey
C163A,0,grey
S2542,1,turquoise
PACS2,3,brown
CAND1,1,turquoise
TRXR3,0,grey
HOOK3,0,grey
CMTD1,0,grey
LONP2,0,grey
ATCAY,1,turquoise
RLGPB,1,turquoise
CARM1,5,green
NIT1,1,turquoise
NDUAB,1,turquoise
K2C73,9,magenta
STX12,1,turquoise
HOME1,1,turquoise
CPNE8,1,turquoise
RAB43,0,grey
HORN,9,magenta
KCC1D,1,turquoise
RB6I2,0,grey
H2A2B,4,yellow
MY18B,1,turquoise
CLVS1,1,turquoise
TPPC5,1,turquoise
ARMC8,0,grey
SYT12,1,turquoise
PLD3,1,turquoise
ANKY2,1,turquoise
NUDC3,1,turquoise
AHNK2,0,grey
TIAM2,0,grey
FMNL3,3,brown
MSTN1,5,green
SBSPO,5,green
NNRD,0,grey
CTL2,1,turquoise
WDFY1,1,turquoise
MA7D3,1,turquoise
BRSK2,0,grey
LRC8A,1,turquoise
RHG12,0,grey
CCAR1,0,grey
MIRO1,1,turquoise
SIR2,3,brown
PALM2,5,green
F126B,1,turquoise
RB12B,0,grey
PLPL6,0,grey
GCC1,3,brown
PEX5R,0,grey
SMAP1,0,grey
DI3L2,0,grey
ERF3B,0,grey
EXOC8,1,turquoise
CPNE9,1,turquoise
CJ067,5,green
THNS1,1,turquoise
KATL2,0,grey
HACE1,1,turquoise
DOCK3,0,grey
ABI1,1,turquoise
ST134,1,turquoise
WDFY3,0,grey
CKLF4,1,turquoise
CA2D3,0,grey
WDR17,0,grey
VKORL,0,grey
FUK,0,grey
NLGNX,1,turquoise
CLYBL,0,grey
SPART,0,grey
PGAM4,0,grey
CEND,1,turquoise
RPTOR,1,turquoise
CADM3,1,turquoise
LGI4,0,grey
LGI3,3,brown
CCAR2,0,grey
NDUF2,1,turquoise
SIX5,1,turquoise
KT222,9,magenta
VPS52,0,grey
NUP93,1,turquoise
LRC47,0,grey
DOCK4,1,turquoise
K2C78,9,magenta
H2B3B,4,yellow
ARM10,1,turquoise
GHDC,0,grey
ABD12,5,green
NLGN1,1,turquoise
TM256,1,turquoise
GPD1L,1,turquoise
MT1M,0,grey
CBARP,0,grey
PLCD3,1,turquoise
CADM2,1,turquoise
SYNPO,1,turquoise
PGBD5,1,turquoise
FXL16,1,turquoise
D2HDH,1,turquoise
MFD4A,1,turquoise
MINK1,0,grey
PP4P2,0,grey
KIF2B,1,turquoise
PTGR3,1,turquoise
MIA40,1,turquoise
CBR4,0,grey
DCLK2,4,yellow
OXR1,1,turquoise
CISD2,0,grey
KKCC1,1,turquoise
NGEF,1,turquoise
DPP10,1,turquoise
IGSF1,1,turquoise
ANR29,0,grey
ACBD7,0,grey
ARFG1,1,turquoise
CELF5,1,turquoise
KC1AL,0,grey
EMC1,1,turquoise
AMER2,4,yellow
CCYL1,1,turquoise
RMXL3,0,grey
PI4P1,1,turquoise
PTGR2,0,grey
ENAH,5,green
VA0D2,1,turquoise
NECA1,1,turquoise
SYT2,1,turquoise
LRC57,1,turquoise
SCAI,1,turquoise
GALD1,1,turquoise
UN13C,1,turquoise
AFG2H,0,grey
AVL9,1,turquoise
PCYXL,0,grey
RDH13,0,grey
TXND5,4,yellow
ATAD1,1,turquoise
SCPDL,1,turquoise
RETR2,1,turquoise
PAIRB,0,grey
NECP1,1,turquoise
FA98A,4,yellow
CAMKV,1,turquoise
DGLB,0,grey
NNRE,0,grey
CCNY,1,turquoise
MROH1,1,turquoise
PEPL1,0,grey
EHBP1,0,grey
VGLU3,1,turquoise
CHDH,0,grey
ABCF1,0,grey
MCU,1,turquoise
PK3C3,0,grey
DP13B,0,grey
CSK23,1,turquoise
EXPH5,1,turquoise
VATC2,4,yellow
PCAT1,0,grey
SYNE1,0,grey
UBP32,0,grey
FAD1,0,grey
REPS2,0,grey
F10A5,1,turquoise
NUD11,0,grey
NBEA,4,yellow
ABHDB,0,grey
NEUA,0,grey
STXB6,3,brown
NLGNY,1,turquoise
NLGN2,1,turquoise
CADM4,3,brown
O56B2,1,turquoise
SVIP,3,brown
ATLA2,0,grey
ARK74,1,turquoise
PLBL2,0,grey
DNJB8,0,grey
RLA0L,0,grey
NCOA7,1,turquoise
PPTC7,0,grey
COQ8A,0,grey
PSMA8,0,grey
SCAM5,1,turquoise
WDR48,1,turquoise
ERMIN,3,brown
STML3,0,grey
SPT20,0,grey
GDAP1,1,turquoise
TIP,4,yellow
S7A14,1,turquoise
UBA3,1,turquoise
PXL2B,0,grey
SYNPR,1,turquoise
PI42C,1,turquoise
RDH11,0,grey
TM163,1,turquoise
PNPT1,0,grey
PREX1,0,grey
C99L2,0,grey
MK15,0,grey
SFXN5,1,turquoise
RS4Y2,0,grey
GTR14,1,turquoise
BRSK1,1,turquoise
DMXL2,1,turquoise
GNPI2,0,grey
DTD1,0,grey
GEMI5,0,grey
DLRB2,3,brown
C2C4C,0,grey
FBX41,1,turquoise
WIPF2,1,turquoise
SMAP2,1,turquoise
RAB2B,1,turquoise
PTPM1,0,grey
PDC6I,1,turquoise
THEM6,0,grey
PRUN2,1,turquoise
NUDC2,3,brown
SCFD1,0,grey
MA11,1,turquoise
HNRLL,0,grey
UBCP1,0,grey
PCNP,0,grey
DNJA4,1,turquoise
SPRY4,1,turquoise
MAIP1,0,grey
DNJB3,0,grey
LMO7,1,turquoise
CTL1,3,brown
PALLD,5,green
RUFY2,5,green
SCG3,1,turquoise
CSKI1,1,turquoise
CSKI2,1,turquoise
STON2,0,grey
PSPC1,1,turquoise
ATLA1,1,turquoise
MADD,1,turquoise
CNKR2,1,turquoise
CCG8,1,turquoise
BRI3B,1,turquoise
PPM1E,0,grey
CTBL1,0,grey
SEPT1,1,turquoise
LZIC,3,brown
RPGF4,1,turquoise
IRGQ,5,green
DDX1,4,yellow
DHB8,1,turquoise
H1X,4,yellow
TCPW,0,grey
PSMF1,4,yellow
GBF1,0,grey
NICA,4,yellow
RT27,4,yellow
ELMO1,3,brown
WASF1,1,turquoise
PHYIP,1,turquoise
AP3S1,1,turquoise
TSC1,0,grey
UBXN4,0,grey
SL9A6,1,turquoise
NDRG1,3,brown
HS105,1,turquoise
SEPT8,3,brown
EDEM1,1,turquoise
MY18A,3,brown
GCN1,0,grey
ANS1A,1,turquoise
LPAR1,3,brown
AKAP1,0,grey
NEUG,5,green
AN32B,1,turquoise
PGTA,0,grey
TFG,0,grey
RYR2,1,turquoise
HTRA1,1,turquoise
ARC1A,1,turquoise
TENR,1,turquoise
KRT35,9,magenta
SYN2,1,turquoise
STAM1,5,green
DLG3,1,turquoise
RBP56,0,grey
GGH,0,grey
NRCAM,1,turquoise
HYAS1,1,turquoise
DDX17,0,grey
KIFA3,1,turquoise
SEM4D,1,turquoise
NEO1,0,grey
KLK6,1,turquoise
CELF1,0,grey
OSTF1,1,turquoise
UFD1,0,grey
GSLG1,0,grey
RENT1,0,grey
CSN5,5,green
FGF14,1,turquoise
RAB1C,1,turquoise
RAB8B,1,turquoise
PTPR2,1,turquoise
FUBP2,0,grey
GCDH,0,grey
TNPO1,0,grey
ARHG2,1,turquoise
USP9X,1,turquoise
UBP7,1,turquoise
CUL5,0,grey
STMN2,0,grey
VPP1,1,turquoise
LPP,5,green
AT2A3,1,turquoise
TP4A1,4,yellow
KPBB,0,grey
1C17,8,pink
SCAM4,3,brown
TCAL3,0,grey
TSR2,1,turquoise
SMCE1,0,grey
MYDGF,1,turquoise
MAL2,1,turquoise
TM40L,0,grey
IGSF8,5,green
RL36L,0,grey
WBP2,3,brown
NCLN,0,grey
MARC2,0,grey
PP14A,4,yellow
VATE2,1,turquoise
H2B1A,4,yellow
CPNE4,0,grey
F162A,1,turquoise
CCD47,0,grey
SYAP1,0,grey
EXOC4,1,turquoise
ISOC2,1,turquoise
FERM2,5,green
FUBP1,0,grey
TTC17,1,turquoise
S2546,1,turquoise
LRC59,0,grey
PBIP1,1,turquoise
RPE,1,turquoise
VP33A,0,grey
RAB37,0,grey
ZN428,0,grey
TM186,1,turquoise
SH3K1,3,brown
AIDA,1,turquoise
ARL8A,1,turquoise
CC127,0,grey
CHP3,0,grey
DOC10,0,grey
F136A,1,turquoise
EFHD2,1,turquoise
EVI5L,0,grey
ISOC1,1,turquoise
FAF2,1,turquoise
OPTN,1,turquoise
AP2M1,1,turquoise
KCD12,3,brown
REPS1,0,grey
RB39B,4,yellow
HDA11,3,brown
SHSA4,1,turquoise
NUD16,0,grey
CMBL,5,green
RM38,1,turquoise
CKLF5,3,brown
RAB3C,1,turquoise
RMXL1,0,grey
F120B,0,grey
T3HPD,3,brown
DAZP1,0,grey
SGTB,0,grey
DNJA3,1,turquoise
MMAB,0,grey
CYFP2,1,turquoise
CNRP1,1,turquoise
PHIPL,1,turquoise
LIGO1,1,turquoise
DYL2,3,brown
CPNE2,0,grey
S10AG,4,yellow
SCRN2,1,turquoise
OTUB1,1,turquoise
CHMP6,0,grey
PGM2,1,turquoise
SDSL,1,turquoise
PLPP,1,turquoise
DCNL1,0,grey
FAH2A,0,grey
RUS1,1,turquoise
ACBG1,1,turquoise
BORC6,0,grey
PGCB,1,turquoise
MTNB,4,yellow
ZC21A,5,green
TONSL,0,grey
PDLI5,5,green
ERO1A,1,turquoise
GRM2B,0,grey
SAHH3,0,grey
PGAM5,0,grey
DIRA2,5,green
DDRGK,3,brown
FUBP3,0,grey
SUCB2,1,turquoise
IGS21,1,turquoise
GMPPA,0,grey
ABHEB,1,turquoise
ATPMD,1,turquoise
ITCH,0,grey
ABCCB,1,turquoise
LRIG1,0,grey
CK5P3,0,grey
VPS39,0,grey
AKCL2,1,turquoise
MAP6,1,turquoise
VPS50,1,turquoise
VCIP1,1,turquoise
ELMO2,4,yellow
TMX3,1,turquoise
CC136,0,grey
UBP47,0,grey
SCYL1,4,yellow
CNDP1,3,brown
EXOC2,0,grey
CNDP2,4,yellow
ZFR,0,grey
C170L,0,grey
RL10L,0,grey
MARK4,1,turquoise
CPNS2,1,turquoise
SNX27,0,grey
CANB2,1,turquoise
FXL18,6,red
CQ10A,1,turquoise
HS12B,5,green
GD1L1,1,turquoise
MBOA7,1,turquoise
YPEL4,0,grey
LRRC7,3,brown
CLIC6,3,brown
AGAP3,1,turquoise
SPB12,0,grey
IPO9,0,grey
INP4A,1,turquoise
OPALI,3,brown
RBM14,0,grey
NED4L,0,grey
QKI,4,yellow
SYGP1,1,turquoise
FMNL2,3,brown
TPPC9,1,turquoise
PLIN4,0,grey
TRNT1,1,turquoise
CDK15,0,grey
MYCT,1,turquoise
MTMR9,1,turquoise
VPS35,1,turquoise
PURB,1,turquoise
H2A1A,3,brown
RET7,0,grey
VP13A,0,grey
MCCA,0,grey
KKCC2,4,yellow
NUDC1,0,grey
FNBP1,3,brown
MTL26,0,grey
RANB9,0,grey
HPLN3,1,turquoise
LYSM1,1,turquoise
MYADM,3,brown
NEB2,1,turquoise
STRBP,0,grey
OSBL9,0,grey
AEDO,0,grey
MA7D2,0,grey
RUFY1,3,brown
MMS19,0,grey
SL9A7,1,turquoise
RMD3,0,grey
SCN2A,1,turquoise
DCE1,1,turquoise
CYH2,5,green
TBCB,3,brown
NELL2,0,grey
PSB7,0,grey
CNN2,1,turquoise
SEC62,3,brown
PCY2,0,grey
K1C12,9,magenta
CDC5L,0,grey
PSMD1,0,grey
PFD5,1,turquoise
AGAP2,1,turquoise
PARK7,0,grey
SORT,3,brown
VAT1,1,turquoise
PKP4,0,grey
PI3R4,0,grey
P2RX7,0,grey
S10AD,1,turquoise
EIF3C,0,grey
TTC1,6,red
PHB2,1,turquoise
CSN8,6,red
C560,1,turquoise
CHP1,1,turquoise
M3K5,0,grey
MGLL,1,turquoise
HCD2,1,turquoise
COCA1,6,red
SEPT5,1,turquoise
ZNT3,1,turquoise
ROAA,0,grey
NP1L4,0,grey
SNAG,1,turquoise
PI51A,1,turquoise
APBA2,5,green
NOE1,1,turquoise
ACON,1,turquoise
COQ7,1,turquoise
TS101,0,grey
CPNE1,0,grey
TCPH,6,red
ANM1,0,grey
SC6A7,1,turquoise
PLCA,0,grey
PRRT1,1,turquoise
PKP2,0,grey
SH3G1,1,turquoise
SH3G2,1,turquoise
SH3G3,1,turquoise
DPYL5,3,brown
NIPS1,1,turquoise
ARP5L,1,turquoise
TICN3,0,grey
MEP50,0,grey
TBA1C,0,grey
APOL2,1,turquoise
SYT3,1,turquoise
AIF1L,3,brown
SGIP1,1,turquoise
FERM1,5,green
GORS1,1,turquoise
ST4A1,1,turquoise
COR1B,3,brown
TXD17,4,yellow
CPPED,3,brown
REEP2,1,turquoise
SRSF8,0,grey
PYM1,1,turquoise
MIC25,1,turquoise
ADPGK,0,grey
UQCC2,1,turquoise
PELO,0,grey
PXL2A,1,turquoise
ERP44,0,grey
NPS3B,0,grey
TIM29,0,grey
TACO1,1,turquoise
HDHD3,4,yellow
GCP2,0,grey
ESYT1,1,turquoise
CP070,0,grey
INP5K,0,grey
CSN4,5,green
SYT11,0,grey
DCTN5,6,red
AASD1,0,grey
LRRC1,0,grey
TMM43,5,green
FSD1,1,turquoise
TBCD,0,grey
DHRS4,0,grey
NDUF3,1,turquoise
ISCA1,1,turquoise
TBB6,3,brown
PAXX,1,turquoise
HNRL1,1,turquoise
PDC10,1,turquoise
EFHD1,0,grey
MIC26,1,turquoise
BDH2,1,turquoise
MTNA,0,grey
SCMC3,1,turquoise
MECR,1,turquoise
NTM1A,0,grey
KTNB1,0,grey
TBB2B,3,brown
TM109,6,red
PBDC1,0,grey
DUS23,0,grey
TMED9,0,grey
TPPP3,4,yellow
HIG2A,0,grey
THIC,1,turquoise
FUND2,1,turquoise
RPAP1,0,grey
SFXN3,1,turquoise
LFG2,1,turquoise
CHID1,0,grey
LS14B,0,grey
SRBS1,6,red
JAM3,3,brown
HINT2,1,turquoise
OSB11,0,grey
OSB10,0,grey
RFIP5,1,turquoise
NAA15,0,grey
B2L13,0,grey
FSD1L,0,grey
SRRT,0,grey
AP1M1,1,turquoise
OSBL1,3,brown
PACN1,1,turquoise
ITPA,0,grey
CADM1,1,turquoise
SHAN3,1,turquoise
SCOT2,1,turquoise
RM01,0,grey
NEUL,0,grey
CEP41,1,turquoise
ACTBM,0,grey
LDH6B,1,turquoise
PANK2,0,grey
DOCK9,1,turquoise
PITM3,1,turquoise
CELF4,4,yellow
ABCA2,0,grey
OSBL8,5,green
NACP4,0,grey
PP12C,0,grey
UBXN6,1,turquoise
TRIM2,3,brown
TB182,0,grey
UBE2O,5,green
PHAR1,1,turquoise
ZY11B,0,grey
LNP,0,grey
SRCN1,3,brown
ARP3C,1,turquoise
TINAL,6,red
NDEL1,0,grey
ROGDI,1,turquoise
CT027,0,grey
PITH1,6,red
SLIRP,1,turquoise
SRR,1,turquoise
NIF3L,3,brown
IF5A2,0,grey
HPLN2,3,brown
MFF,1,turquoise
UBA5,5,green
LHPP,1,turquoise
NACA2,0,grey
T126A,1,turquoise
PAIP1,6,red
CLPB,0,grey
RB33B,0,grey
KLC2,5,green
ADT4,0,grey
TOLIP,1,turquoise
ARL6,0,grey
PHS2,0,grey
FA49A,5,green
FXYD6,1,turquoise
TM222,3,brown
HDHD2,1,turquoise
GBRL1,0,grey
RAB1B,1,turquoise
CK054,1,turquoise
SNAB,1,turquoise
STMN4,0,grey
NUCKS,1,turquoise
TMX4,1,turquoise
ISCU,1,turquoise
GHC2,1,turquoise
OSBL2,0,grey
S6A17,1,turquoise
WDR13,1,turquoise
EPN3,1,turquoise
EHD4,1,turquoise
S1PR5,3,brown
SPTN4,0,grey
VP33B,0,grey
VPS16,0,grey
VPS11,1,turquoise
SH3L3,3,brown
SLK,1,turquoise
S6A15,1,turquoise
RBGPR,1,turquoise
DHX36,0,grey
IPYR2,0,grey
S12A5,1,turquoise
CDIP1,1,turquoise
TTYH1,0,grey
TM245,0,grey
PABP3,0,grey
CPVL,1,turquoise
CK068,0,grey
BOLA2,3,brown
TMX1,1,turquoise
BORG4,0,grey
PTN23,0,grey
DNJC5,1,turquoise
CHM4B,3,brown
RBSK,0,grey
FN3K,3,brown
MLP3A,3,brown
WNK1,0,grey
AMPB,0,grey
GOLP3,0,grey
TBB1,3,brown
E41L1,1,turquoise
GAPR1,3,brown
EHD1,1,turquoise
ALG2,0,grey
VIAAT,1,turquoise
TM38A,1,turquoise
OPA3,1,turquoise
PRR36,1,turquoise
MYH16,1,turquoise
ACSS3,1,turquoise
BCAS3,1,turquoise
RANB3,0,grey
DOCK5,0,grey
PGES2,1,turquoise
UBE2Z,1,turquoise
ACAD9,1,turquoise
TBA4B,0,grey
CAAP1,0,grey
MET7A,1,turquoise
CQ10B,0,grey
GORS2,1,turquoise
REEP1,0,grey
GHC1,1,turquoise
ARMT1,0,grey
LRC40,0,grey
SFXN1,1,turquoise
SPE39,1,turquoise
AGO3,0,grey
MA6D1,3,brown
L2HDH,1,turquoise
CSN7B,0,grey
CB39L,0,grey
ELP3,0,grey
KT3K,4,yellow
TBC17,3,brown
SYCM,0,grey
LIN7B,0,grey
AGRL3,1,turquoise
SIAE,0,grey
PKHA5,0,grey
TCTP8,0,grey
GBB4,0,grey
GRPE1,0,grey
MYG1,0,grey
CYBP,3,brown
RRAGC,0,grey
FOH1B,3,brown
RDH14,0,grey
CP4FB,5,green
TENS1,5,green
EMAL4,0,grey
GLOD4,0,grey
SPON1,1,turquoise
MCCB,0,grey
TANC2,1,turquoise
GBA2,0,grey
CPNE5,1,turquoise
VAT1L,1,turquoise
AGO4,0,grey
PLXA4,1,turquoise
KC1G1,0,grey
AT131,1,turquoise
RM47,1,turquoise
LYRM4,1,turquoise
NRX3B,1,turquoise
JPH1,0,grey
APMAP,1,turquoise
TRXR2,1,turquoise
ABCB6,0,grey
RAB18,0,grey
VTA1,1,turquoise
SYSM,1,turquoise
RAB9B,4,yellow
DLRB1,3,brown
NRN1,1,turquoise
INO1,6,red
ACO13,1,turquoise
RIC8A,0,grey
AT132,0,grey
RS10L,0,grey
LZTL1,1,turquoise
PLCB1,1,turquoise
CRAC1,0,grey
TIGAR,0,grey
WASH6,0,grey
RTN4,3,brown
HINT3,3,brown
RRAGD,0,grey
PFD4,6,red
NIT2,0,grey
CC177,0,grey
KI13B,0,grey
ANLN,3,brown
XPP1,0,grey
GEPH,1,turquoise
MYO5C,5,green
NPDC1,1,turquoise
ANM8,1,turquoise
DBLOH,0,grey
SAR1A,0,grey
SIAS,0,grey
SHLB2,1,turquoise
SPHK2,0,grey
S17A5,1,turquoise
PICK1,1,turquoise
SH2B1,3,brown
PYRG2,1,turquoise
D39U1,1,turquoise
ABCBA,0,grey
OLFL3,0,grey
ADPPT,5,green
PLS4,5,green
C42S2,3,brown
UBQL4,0,grey
HEBP1,3,brown
RAB6B,3,brown
VPS45,1,turquoise
PHP14,4,yellow
SERC1,0,grey
RHG35,1,turquoise
F1142,0,grey
PLCC,0,grey
LANC2,1,turquoise
KCND1,1,turquoise
KRT84,5,green
KRT82,0,grey
HOME2,1,turquoise
HOME3,1,turquoise
S6A13,0,grey
SYFB,1,turquoise
SYIM,1,turquoise
KLC4,0,grey
NRBP2,3,brown
BMP2K,0,grey
ATG3,3,brown
LRC4B,0,grey
AT8A2,1,turquoise
SAC1,0,grey
OLA1,0,grey
ECHD1,4,yellow
ACS2L,0,grey
ABHDA,1,turquoise
T11L1,0,grey
T106B,0,grey
LIN7C,0,grey
PLCE,0,grey
FA49B,5,green
ABCB8,0,grey
DD19A,4,yellow
GIMA4,0,grey
EXOC1,5,green
CC50A,1,turquoise
SEP11,1,turquoise
PARVA,5,green
PANK4,0,grey
EXD2,0,grey
DJC11,1,turquoise
TMLH,0,grey
ATD3A,1,turquoise
ARL8B,0,grey
PNPO,0,grey
ARMC1,1,turquoise
CS073,1,turquoise
RMND1,1,turquoise
OXSM,0,grey
GID8,0,grey
CZIB,0,grey
TM160,1,turquoise
NDUBB,1,turquoise
OCAD1,1,turquoise
ARHL2,3,brown
MIC19,1,turquoise
SYBU,0,grey
SIR5,1,turquoise
GFOD1,1,turquoise
MTMRA,0,grey
NDE1,0,grey
ARL15,1,turquoise
DJB12,0,grey
DPP3,3,brown
CLDN1,3,brown
SCN3A,1,turquoise
CA2D2,1,turquoise
TBA8,0,grey
TE2IP,0,grey
ABI2,1,turquoise
PSD3,1,turquoise
TMOD3,0,grey
KBRS1,0,grey
UGGG1,0,grey
TECR,0,grey
ERAP1,0,grey
ARP10,0,grey
CISD1,1,turquoise
FMN2,1,turquoise
STMN3,0,grey
F120A,0,grey
GDE1,1,turquoise
WWOX,0,grey
GLTP,3,brown
NINJ2,3,brown
GPC5B,0,grey
SACS,0,grey
MTCH1,1,turquoise
HPBP1,4,yellow
MAT2B,0,grey
MYOF,5,green
ITSN2,1,turquoise
EHD3,1,turquoise
EHD2,6,red
ARHGC,1,turquoise
SPN90,1,turquoise
TMOD2,1,turquoise
OGFR,6,red
KCND2,1,turquoise
MPP6,4,yellow
THYN1,3,brown
NDUF4,0,grey
HACD3,0,grey
EMC3,1,turquoise
NDUAD,1,turquoise
PDP1,0,grey
KCMF1,0,grey
ADA22,3,brown
FRS1L,1,turquoise
VAPA,1,turquoise
MARK1,1,turquoise
H2AW,1,turquoise
TM14C,1,turquoise
TOM7,1,turquoise
SEP10,1,turquoise
NTRI,1,turquoise
DLGP2,3,brown
ABRAL,0,grey
ARP3B,1,turquoise
SIRPG,1,turquoise
CAMP3,4,yellow
CACO1,1,turquoise
RHG23,0,grey
VPS18,0,grey
RELCH,1,turquoise
DIP2B,3,brown
HTR5B,0,grey
PCD10,0,grey
RRBP1,4,yellow
SYLC,1,turquoise
MYEF2,0,grey
HECW2,1,turquoise
ANFY1,4,yellow
SUCB1,1,turquoise
NRX2A,0,grey
GMPR2,4,yellow
VGLU1,1,turquoise
VGLU2,1,turquoise
IMPCT,0,grey
UVRAG,0,grey
1C05,8,pink
ATX10,0,grey
NCDN,1,turquoise
TFP11,1,turquoise
EP15R,1,turquoise
SAE1,0,grey
COPG2,0,grey
RBX2,3,brown
MRC2,1,turquoise
GBG12,1,turquoise
ARP21,0,grey
CPNE7,0,grey
DHCR7,3,brown
HDAC6,0,grey
DKK3,0,grey
VPS29,1,turquoise
EIF3K,0,grey
GRHPR,4,yellow
GABR1,1,turquoise
SAE2,0,grey
PEF1,0,grey
BIN2,3,brown
CSN7A,0,grey
DIC,1,turquoise
PPR1B,0,grey
CLIP2,3,brown
QCR9,1,turquoise
ZO2,4,yellow
DNJB4,1,turquoise
STK39,3,brown
ADDG,5,green
PKHB1,3,brown
NPS3A,0,grey
ABCF2,0,grey
AAKG2,0,grey
SUSD2,0,grey
NDRG3,1,turquoise
SEPT3,1,turquoise
ARMX3,1,turquoise
SWP70,0,grey
SUN2,0,grey
LTOR3,1,turquoise
SRP68,0,grey
CNTP2,1,turquoise
CHRD1,0,grey
SEPT9,0,grey
UBQL2,5,green
PCSK1,1,turquoise
PCYOX,1,turquoise
LAT2,1,turquoise
DPP2,0,grey
BAP29,1,turquoise
NB5R1,1,turquoise
PFD2,3,brown
S12A6,1,turquoise
PUF60,0,grey
NRBP,0,grey
ENOPH,3,brown
EVL,1,turquoise
NDUAC,1,turquoise
VATH,1,turquoise
TAGL3,1,turquoise
TR112,0,grey
GLSL,1,turquoise
NCKX2,0,grey
XPO7,1,turquoise
LCMT1,0,grey
VPS51,1,turquoise
ATIF1,1,turquoise
KAD3,0,grey
PLXA1,1,turquoise
GGT7,1,turquoise
RABX5,0,grey
NAGK,1,turquoise
ANX10,3,brown
HOOK1,1,turquoise
SH3L2,1,turquoise
RIMS3,1,turquoise
NGAP,1,turquoise
LAMP5,1,turquoise
CMC2,1,turquoise
DBNL,1,turquoise
DCTN4,3,brown
HSPB8,0,grey
GGA1,0,grey
STML2,1,turquoise
KCND3,1,turquoise
FBX2,1,turquoise
VPS28,0,grey
LSM7,0,grey
JUPI1,1,turquoise
FBX3,0,grey
PTBP2,0,grey
TNIK,0,grey
PITC1,3,brown
DP13A,3,brown
NUDT5,1,turquoise
RALY,3,brown
TF3C4,1,turquoise
ACSL6,1,turquoise
ACAD8,1,turquoise
AGO2,4,yellow
CDV3,1,turquoise
BAG5,0,grey
CFA45,4,yellow
AGO1,0,grey
RAB21,3,brown
RB22A,0,grey
PSME2,1,turquoise
HCN2,0,grey
DNPEP,1,turquoise
NRX1A,1,turquoise
RAB23,0,grey
MCTS1,1,turquoise
OGDHL,1,turquoise
S39AA,4,yellow
MRTFB,0,grey
NEB1,1,turquoise
NDRG4,1,turquoise
TBC24,1,turquoise
STRP2,0,grey
PPM1H,1,turquoise
CAPS1,1,turquoise
MYO5B,1,turquoise
COR1C,1,turquoise
TMCO1,0,grey
HPCL4,1,turquoise
EPDR1,0,grey
MYO6,1,turquoise
ICAM5,1,turquoise
DD19B,4,yellow
PRP19,0,grey
UBQL1,5,green
NENF,1,turquoise
SNX12,1,turquoise
NDRG2,0,grey
VPS4A,3,brown
G3BP2,0,grey
RHG26,1,turquoise
CHIP,0,grey
PACN2,1,turquoise
SNX6,3,brown
PSD13,0,grey
FAF1,0,grey
CSN3,6,red
NOVA2,0,grey
RL26L,0,grey
NSF1C,1,turquoise
S12A4,1,turquoise
BSN,1,turquoise
MACF1,1,turquoise
K1107,1,turquoise
LIMC1,0,grey
AGAP1,1,turquoise
PLCL2,5,green
NAC2,1,turquoise
EXOC7,1,turquoise
JIP3,5,green
UBP24,0,grey
PHF24,1,turquoise
CBPC1,0,grey
UN13A,1,turquoise
TUTLB,0,grey
SHAN2,1,turquoise
WASF3,1,turquoise
MARE3,1,turquoise
COR2B,1,turquoise
DYN3,1,turquoise
PA2G4,4,yellow
CTND2,0,grey
BAIP2,1,turquoise
SCN8A,3,brown
KCC2A,1,turquoise
SH2B3,3,brown
RTRAF,1,turquoise
RUVB2,1,turquoise
PDE10,0,grey
PIN4,4,yellow
HIG1A,1,turquoise
EIF3L,0,grey
PLAP,6,red
RUVB1,1,turquoise
NUDC,0,grey
BCS1,1,turquoise
VDAC3,1,turquoise
COF2,3,brown
SYFA,1,turquoise
TPPC4,0,grey
NCKP1,1,turquoise
CNPY2,0,grey
VP9D1,0,grey
EXOG,1,turquoise
EXC6B,0,grey
DIP2C,1,turquoise
EFR3B,1,turquoise
DLGP4,1,turquoise
FYV1,0,grey
WDR37,1,turquoise
RP3A,1,turquoise
E41L3,5,green
PADI2,4,yellow
SIK3,0,grey
AT8A1,1,turquoise
GSTK1,1,turquoise
LTOR2,0,grey
COA3,1,turquoise
RT07,0,grey
CRYL1,1,turquoise
TMA7,4,yellow
AP3M1,1,turquoise
GUAD,1,turquoise
2ABG,1,turquoise
CHSP1,0,grey
TR150,0,grey
NOP58,0,grey
GIT1,1,turquoise
SGT1,0,grey
SYYM,1,turquoise
COQ6,1,turquoise
NAGA,0,grey
ACOT9,1,turquoise
PLLP,3,brown
SHLB1,1,turquoise
CAB39,0,grey
DHRS7,4,yellow
PHOCN,1,turquoise
SBDS,4,yellow
TMED7,4,yellow
PPIL1,0,grey
UFC1,0,grey
FIS1,0,grey
TIM16,1,turquoise
GOT1B,0,grey
HDGR3,0,grey
PTH2,0,grey
CHMP3,1,turquoise
STRAP,5,green
RTCB,4,yellow
RAP2C,1,turquoise
RBGP1,0,grey
T22D4,3,brown
WNK2,1,turquoise
RL36,0,grey
SAMH1,1,turquoise
HBS1L,5,green
AAKB1,0,grey
DMXL1,1,turquoise
VPP2,1,turquoise
TLN1,5,green
KIF3A,1,turquoise
MTCL1,0,grey
NRX3A,1,turquoise
DAAM1,1,turquoise
PLXD1,0,grey
HECD4,0,grey
WAC2C,3,brown
WDR7,1,turquoise
UBP15,0,grey
FARP1,0,grey
C170B,1,turquoise
TLN2,1,turquoise
RPGF2,1,turquoise
MYO5A,1,turquoise
DTNA,5,green
HYOU1,1,turquoise
ATG4B,0,grey
WIPI2,0,grey
AFG32,1,turquoise
LSM4,0,grey
SAM50,1,turquoise
CSDC2,0,grey
SHAN1,0,grey
PPME1,1,turquoise
PHLA3,3,brown
TIM9,1,turquoise
UCHL5,0,grey
VATD,1,turquoise
ENTP2,5,green
TIM13,1,turquoise
SRPRB,0,grey
GMPPB,0,grey
TRPV2,0,grey
MRCKB,1,turquoise
RBM8A,0,grey
MPC1,1,turquoise
SNX5,0,grey
SCNAA,1,turquoise
HEBP2,0,grey
SERC,1,turquoise
NPTN,1,turquoise
CBPQ,4,yellow
COPG1,0,grey
CLIC4,3,brown
NFS1,1,turquoise
CCG2,0,grey
CP46A,1,turquoise
SAR1B,0,grey
EMIL1,6,red
MTCH2,1,turquoise
BIG2,1,turquoise
BIG1,1,turquoise
STK24,0,grey
BZW2,0,grey
MRVI1,0,grey
DC1L1,5,green
EPN1,1,turquoise
KAD5,1,turquoise
KC1G3,0,grey
NDUB9,1,turquoise
SQOR,0,grey
LAMC3,1,turquoise
AP1M2,1,turquoise
NUMBL,1,turquoise
S4A4,1,turquoise
FCGBP,0,grey
DGKB,1,turquoise
ADSV,0,grey
PCLO,1,turquoise
F169A,0,grey
ENPP4,0,grey
S23IP,0,grey
